<?xml version="1.0" encoding="utf-8"?>
<manifest xmlns:android="http://schemas.android.com/apk/res/android"
    package="com.formation.myapplication"
    android:versionCode="1"
    android:versionName="1.0" >

    <uses-sdk
        android:minSdkVersion="21"
        android:targetSdkVersion="28" />

    <uses-permission android:name="android.permission.INTERNET" /> <!-- Although the *SdkVersion is captured in gradle build files, this is required for non gradle builds -->
    <!-- <uses-sdk android:minSdkVersion="14"/> -->
    <uses-permission android:name="android.permission.ACCESS_NETWORK_STATE" />
    <uses-permission android:name="android.permission.WAKE_LOCK" /> <!-- Required by older versions of Google Play services to create IID tokens -->
    <uses-permission android:name="com.google.android.c2dm.permission.RECEIVE" />
    <uses-permission android:name="com.google.android.finsky.permission.BIND_GET_INSTALL_REFERRER_SERVICE" />

    <application
        android:allowBackup="true"
        android:appComponentFactory="android.support.v4.app.CoreComponentFactory"
        android:debuggable="true"
        android:icon="@mipmap/ic_launcher"
        android:label="@string/app_name"
        android:roundIcon="@mipmap/ic_launcher_round"
        android:supportsRtl="true"
        android:testOnly="true"
        android:theme="@style/AppTheme" >
        <activity android:name="com.formation.myapplication.Sensor.AddSensorActivity" />
        <activity android:name="com.formation.myapplication.DashBoardActivity" />
        <activity android:name="com.formation.myapplication.MainActivity" >
            <intent-filter>
                <action android:name="android.intent.action.MAIN" />

                <category android:name="android.intent.category.LAUNCHER" />
            </intent-filter>
        </activity>
        <activity
            android:name="com.google.firebase.auth.internal.FederatedSignInActivity"
            android:excludeFromRecents="true"
            android:exported="true"
            android:launchMode="singleTask"
            android:permission="com.google.firebase.auth.api.gms.permission.LAUNCH_FEDERATED_SIGN_IN"
            android:theme="@android:style/Theme.Translucent.NoTitleBar" />

        <service
            android:name="com.google.firebase.components.ComponentDiscoveryService"
            android:exported="false" >
            <meta-data
                android:name="com.google.firebase.components:com.google.firebase.auth.FirebaseAuthRegistrar"
                android:value="com.google.firebase.components.ComponentRegistrar" />
            <meta-data
                android:name="com.google.firebase.components:com.google.firebase.database.DatabaseRegistrar"
                android:value="com.google.firebase.components.ComponentRegistrar" />
            <meta-data
                android:name="com.google.firebase.components:com.google.firebase.storage.StorageRegistrar"
                android:value="com.google.firebase.components.ComponentRegistrar" />
            <meta-data
                android:name="com.google.firebase.components:com.google.firebase.analytics.connector.internal.AnalyticsConnectorRegistrar"
                android:value="com.google.firebase.components.ComponentRegistrar" />
            <meta-data
                android:name="com.google.firebase.components:com.google.firebase.iid.Registrar"
                android:value="com.google.firebase.components.ComponentRegistrar" />
        </service>
        <!--
             FirebaseMessagingService performs security checks at runtime,
             but set to not exported to explicitly avoid allowing another app to call it.
        -->
        <service
            android:name="com.google.firebase.messaging.FirebaseMessagingService"
            android:exported="false" >
            <intent-filter android:priority="-500" >
                <action android:name="com.google.firebase.MESSAGING_EVENT" />
            </intent-filter>
        </service>

        <receiver
            android:name="com.google.firebase.iid.FirebaseInstanceIdReceiver"
            android:exported="true"
            android:permission="com.google.android.c2dm.permission.SEND" >
            <intent-filter>
                <action android:name="com.google.android.c2dm.intent.RECEIVE" />
            </intent-filter>
        </receiver>

        <activity
            android:name="com.google.android.gms.common.api.GoogleApiActivity"
            android:exported="false"
            android:theme="@android:style/Theme.Translucent.NoTitleBar" />

        <provider
            android:name="com.google.firebase.provider.FirebaseInitProvider"
            android:authorities="com.formation.myapplication.firebaseinitprovider"
            android:exported="false"
            android:initOrder="100" />

        <receiver
            android:name="com.google.android.gms.measurement.AppMeasurementReceiver"
            android:enabled="true"
            android:exported="false" >
        </receiver>
        <receiver
            android:name="com.google.android.gms.measurement.AppMeasurementInstallReferrerReceiver"
            android:enabled="true"
            android:exported="true"
            android:permission="android.permission.INSTALL_PACKAGES" >
            <intent-filter>
                <action android:name="com.android.vending.INSTALL_REFERRER" />
            </intent-filter>
        </receiver>

        <service
            android:name="com.google.android.gms.measurement.AppMeasurementService"
            android:enabled="true"
            android:exported="false" />
        <service
            android:name="com.google.android.gms.measurement.AppMeasurementJobService"
            android:enabled="true"
            android:exported="false"
            android:permission="android.permission.BIND_JOB_SERVICE" />

        <meta-data
            android:name="com.google.android.gms.version"
            android:value="@integer/google_play_services_version" />

        <provider
            android:name="com.android.tools.ir.server.InstantRunContentProvider"
            android:authorities="com.formation.myapplication.com.android.tools.ir.server.InstantRunContentProvider"
            android:multiprocess="true" />
    </application>

</manifest>