{
  "project_info": {
    "project_number": "997780753792",
    "firebase_url": "https://projet-bac3.firebaseio.com",
    "project_id": "projet-bac3",
    "storage_bucket": "projet-bac3.appspot.com"
  },
  "client": [
    {
      "client_info": {
        "mobilesdk_app_id": "1:997780753792:android:22192c371485ef275d4565",
        "android_client_info": {
          "package_name": "com.formation.myapplication"
        }
      },
      "oauth_client": [
        {
          "client_id": "997780753792-l35v05o5kq5m3rbkijohocrdkal9u7l7.apps.googleusercontent.com",
          "client_type": 1,
          "android_info": {
            "package_name": "com.formation.myapplication",
            "certificate_hash": "dcfd7a304842b7bd037ab9061ea436d21ebadbd3"
          }
        },
        {
          "client_id": "997780753792-6jk3f05j7q0kin75ngsu3v48gpob59sn.apps.googleusercontent.com",
          "client_type": 3
        }
      ],
      "api_key": [
        {
          "current_key": "AIzaSyC-7bacIy7agrHimrOK6s-XojpAGaRQKTQ"
        }
      ],
      "services": {
        "appinvite_service": {
          "other_platform_oauth_client": [
            {
              "client_id": "997780753792-6jk3f05j7q0kin75ngsu3v48gpob59sn.apps.googleusercontent.com",
              "client_type": 3
            }
          ]
        }
      }
    }
  ],
  "configuration_version": "1"
}