{
    "logs": [
        {
            "outputFile": "D:\\Users\\cossa\\OneDrive\\Bureau\\App - Copie\\app\\build\\intermediates\\incremental\\mergeDebugResources\\merged.dir\\values-hu\\values-hu.xml",
            "map": [
                {
                    "source": "C:\\Users\\cossa\\.gradle\\caches\\transforms-2\\files-2.1\\0034ac87bcad9dcc3cd4c9cca42d3786\\res\\values-hu\\values-hu.xml",
                    "from": {
                        "startLines": "2,3,4,5,6,7,8,9,10,11,12,13,14,15,16,17,18,19,20,21,22,23,24,25,26,27,28,29",
                        "startColumns": "4,4,4,4,4,4,4,4,4,4,4,4,4,4,4,4,4,4,4,4,4,4,4,4,4,4,4,4",
                        "startOffsets": "105,213,318,433,517,629,759,835,911,1002,1095,1191,1285,1386,1479,1574,1669,1760,1851,1934,2044,2155,2255,2366,2474,2593,2775,2878",
                        "endColumns": "107,104,114,83,111,129,75,75,90,92,95,93,100,92,94,94,90,90,82,109,110,99,110,107,118,181,102,82",
                        "endOffsets": "208,313,428,512,624,754,830,906,997,1090,1186,1280,1381,1474,1569,1664,1755,1846,1929,2039,2150,2250,2361,2469,2588,2770,2873,2956"
                    },
                    "to": {
                        "startLines": "2,3,4,5,6,7,8,9,10,11,12,13,14,15,16,17,18,19,20,21,22,23,24,25,26,27,28,48",
                        "startColumns": "4,4,4,4,4,4,4,4,4,4,4,4,4,4,4,4,4,4,4,4,4,4,4,4,4,4,4,4",
                        "startOffsets": "105,213,318,433,517,629,759,835,911,1002,1095,1191,1285,1386,1479,1574,1669,1760,1851,1934,2044,2155,2255,2366,2474,2593,2775,5899",
                        "endColumns": "107,104,114,83,111,129,75,75,90,92,95,93,100,92,94,94,90,90,82,109,110,99,110,107,118,181,102,82",
                        "endOffsets": "208,313,428,512,624,754,830,906,997,1090,1186,1280,1381,1474,1569,1664,1755,1846,1929,2039,2150,2250,2361,2469,2588,2770,2873,5977"
                    }
                },
                {
                    "source": "C:\\Users\\cossa\\.gradle\\caches\\transforms-2\\files-2.1\\6fcec616c349a88419e23364fa181eba\\res\\values-hu\\values.xml",
                    "from": {
                        "startLines": "4",
                        "startColumns": "0",
                        "startOffsets": "205",
                        "endColumns": "99",
                        "endOffsets": "304"
                    },
                    "to": {
                        "startLines": "47",
                        "startColumns": "4",
                        "startOffsets": "5795",
                        "endColumns": "103",
                        "endOffsets": "5894"
                    }
                },
                {
                    "source": "C:\\Users\\cossa\\.gradle\\caches\\transforms-2\\files-2.1\\6f977deaf27a856b0a93ea546331a7e6\\res\\values-hu\\values.xml",
                    "from": {
                        "startLines": "4",
                        "startColumns": "0",
                        "startOffsets": "247",
                        "endColumns": "235",
                        "endOffsets": "482"
                    },
                    "to": {
                        "startLines": "37",
                        "startColumns": "4",
                        "startOffsets": "4116",
                        "endColumns": "235",
                        "endOffsets": "4347"
                    }
                },
                {
                    "source": "C:\\Users\\cossa\\.gradle\\caches\\transforms-2\\files-2.1\\f8177bfa482e70af7a718d0de09642e2\\res\\values-hu\\values.xml",
                    "from": {
                        "startLines": "4,5,6,7,8,9,10,11,12,13,14,15,16,17,18,19,20",
                        "startColumns": "0,0,0,0,0,0,0,0,0,0,0,0,0,0,0,0,0",
                        "startOffsets": "245,354,570,706,813,1040,1176,1324,1459,1688,1794,2010,2145,2376,2574,2671,2765",
                        "endColumns": "108,215,135,106,226,135,147,134,228,105,215,134,230,197,96,93,112",
                        "endOffsets": "353,569,705,812,1039,1175,1323,1458,1687,1793,2009,2144,2375,2573,2670,2764,2877"
                    },
                    "to": {
                        "startLines": "29,30,31,32,33,34,35,36,38,39,40,41,42,43,44,45,46",
                        "startColumns": "4,4,4,4,4,4,4,4,4,4,4,4,4,4,4,4,4",
                        "startOffsets": "2878,2991,3207,3347,3458,3685,3825,3977,4352,4581,4691,4907,5046,5277,5479,5580,5678",
                        "endColumns": "112,215,139,110,226,139,151,138,228,109,215,138,230,201,100,97,116",
                        "endOffsets": "2986,3202,3342,3453,3680,3820,3972,4111,4576,4686,4902,5041,5272,5474,5575,5673,5790"
                    }
                },
                {
                    "source": "C:\\Users\\cossa\\.gradle\\caches\\transforms-2\\files-2.1\\122f7e0068abbdd517605c9b7ef383c3\\res\\values-hu\\values-hu.xml",
                    "from": {
                        "startLines": "2",
                        "startColumns": "4",
                        "startOffsets": "55",
                        "endColumns": "100",
                        "endOffsets": "151"
                    },
                    "to": {
                        "startLines": "49",
                        "startColumns": "4",
                        "startOffsets": "5982",
                        "endColumns": "100",
                        "endOffsets": "6078"
                    }
                }
            ]
        }
    ]
}