{
    "logs": [
        {
            "outputFile": "D:\\Users\\cossa\\OneDrive\\Bureau\\App - Copie\\app\\build\\intermediates\\incremental\\mergeDebugResources\\merged.dir\\values-gu\\values-gu.xml",
            "map": [
                {
                    "source": "C:\\Users\\cossa\\.gradle\\caches\\transforms-2\\files-2.1\\6fcec616c349a88419e23364fa181eba\\res\\values-gu\\values.xml",
                    "from": {
                        "startLines": "4",
                        "startColumns": "0",
                        "startOffsets": "205",
                        "endColumns": "99",
                        "endOffsets": "304"
                    },
                    "to": {
                        "startLines": "47",
                        "startColumns": "4",
                        "startOffsets": "5467",
                        "endColumns": "103",
                        "endOffsets": "5566"
                    }
                },
                {
                    "source": "C:\\Users\\cossa\\.gradle\\caches\\transforms-2\\files-2.1\\f8177bfa482e70af7a718d0de09642e2\\res\\values-gu\\values.xml",
                    "from": {
                        "startLines": "4,5,6,7,8,9,10,11,12,13,14,15,16,17,18,19,20",
                        "startColumns": "0,0,0,0,0,0,0,0,0,0,0,0,0,0,0,0,0",
                        "startOffsets": "245,351,549,672,782,979,1099,1236,1361,1568,1674,1869,1992,2194,2370,2457,2549",
                        "endColumns": "105,197,122,109,196,119,136,124,206,105,194,122,201,175,86,91,106",
                        "endOffsets": "350,548,671,781,978,1098,1235,1360,1567,1673,1868,1991,2193,2369,2456,2548,2655"
                    },
                    "to": {
                        "startLines": "29,30,31,32,33,34,35,36,38,39,40,41,42,43,44,45,46",
                        "startColumns": "4,4,4,4,4,4,4,4,4,4,4,4,4,4,4,4,4",
                        "startOffsets": "2802,2912,3110,3237,3351,3548,3672,3813,4148,4355,4465,4660,4787,4989,5169,5260,5356",
                        "endColumns": "109,197,126,113,196,123,140,128,206,109,194,126,201,179,90,95,110",
                        "endOffsets": "2907,3105,3232,3346,3543,3667,3808,3937,4350,4460,4655,4782,4984,5164,5255,5351,5462"
                    }
                },
                {
                    "source": "C:\\Users\\cossa\\.gradle\\caches\\transforms-2\\files-2.1\\6f977deaf27a856b0a93ea546331a7e6\\res\\values-gu\\values.xml",
                    "from": {
                        "startLines": "4",
                        "startColumns": "0",
                        "startOffsets": "247",
                        "endColumns": "205",
                        "endOffsets": "452"
                    },
                    "to": {
                        "startLines": "37",
                        "startColumns": "4",
                        "startOffsets": "3942",
                        "endColumns": "205",
                        "endOffsets": "4143"
                    }
                },
                {
                    "source": "C:\\Users\\cossa\\.gradle\\caches\\transforms-2\\files-2.1\\0034ac87bcad9dcc3cd4c9cca42d3786\\res\\values-gu\\values-gu.xml",
                    "from": {
                        "startLines": "2,3,4,5,6,7,8,9,10,11,12,13,14,15,16,17,18,19,20,21,22,23,24,25,26,27,28,29",
                        "startColumns": "4,4,4,4,4,4,4,4,4,4,4,4,4,4,4,4,4,4,4,4,4,4,4,4,4,4,4,4",
                        "startOffsets": "105,214,318,425,512,613,736,813,891,982,1075,1174,1268,1369,1462,1557,1654,1745,1836,1916,2022,2124,2221,2330,2429,2539,2699,2802",
                        "endColumns": "108,103,106,86,100,122,76,77,90,92,98,93,100,92,94,96,90,90,79,105,101,96,108,98,109,159,102,79",
                        "endOffsets": "209,313,420,507,608,731,808,886,977,1070,1169,1263,1364,1457,1552,1649,1740,1831,1911,2017,2119,2216,2325,2424,2534,2694,2797,2877"
                    },
                    "to": {
                        "startLines": "2,3,4,5,6,7,8,9,10,11,12,13,14,15,16,17,18,19,20,21,22,23,24,25,26,27,28,48",
                        "startColumns": "4,4,4,4,4,4,4,4,4,4,4,4,4,4,4,4,4,4,4,4,4,4,4,4,4,4,4,4",
                        "startOffsets": "105,214,318,425,512,613,736,813,891,982,1075,1174,1268,1369,1462,1557,1654,1745,1836,1916,2022,2124,2221,2330,2429,2539,2699,5571",
                        "endColumns": "108,103,106,86,100,122,76,77,90,92,98,93,100,92,94,96,90,90,79,105,101,96,108,98,109,159,102,79",
                        "endOffsets": "209,313,420,507,608,731,808,886,977,1070,1169,1263,1364,1457,1552,1649,1740,1831,1911,2017,2119,2216,2325,2424,2534,2694,2797,5646"
                    }
                },
                {
                    "source": "C:\\Users\\cossa\\.gradle\\caches\\transforms-2\\files-2.1\\122f7e0068abbdd517605c9b7ef383c3\\res\\values-gu\\values-gu.xml",
                    "from": {
                        "startLines": "2",
                        "startColumns": "4",
                        "startOffsets": "55",
                        "endColumns": "100",
                        "endOffsets": "151"
                    },
                    "to": {
                        "startLines": "49",
                        "startColumns": "4",
                        "startOffsets": "5651",
                        "endColumns": "100",
                        "endOffsets": "5747"
                    }
                }
            ]
        }
    ]
}