{
    "logs": [
        {
            "outputFile": "D:\\Users\\cossa\\OneDrive\\Bureau\\App - Copie\\app\\build\\intermediates\\incremental\\mergeDebugResources\\merged.dir\\values-sw\\values-sw.xml",
            "map": [
                {
                    "source": "C:\\Users\\cossa\\.gradle\\caches\\transforms-2\\files-2.1\\122f7e0068abbdd517605c9b7ef383c3\\res\\values-sw\\values-sw.xml",
                    "from": {
                        "startLines": "2",
                        "startColumns": "4",
                        "startOffsets": "55",
                        "endColumns": "100",
                        "endOffsets": "151"
                    },
                    "to": {
                        "startLines": "49",
                        "startColumns": "4",
                        "startOffsets": "5741",
                        "endColumns": "100",
                        "endOffsets": "5837"
                    }
                },
                {
                    "source": "C:\\Users\\cossa\\.gradle\\caches\\transforms-2\\files-2.1\\0034ac87bcad9dcc3cd4c9cca42d3786\\res\\values-sw\\values-sw.xml",
                    "from": {
                        "startLines": "2,3,4,5,6,7,8,9,10,11,12,13,14,15,16,17,18,19,20,21,22,23,24,25,26,27,28,29",
                        "startColumns": "4,4,4,4,4,4,4,4,4,4,4,4,4,4,4,4,4,4,4,4,4,4,4,4,4,4,4,4",
                        "startOffsets": "105,208,306,414,504,609,726,808,891,982,1075,1169,1263,1364,1457,1552,1647,1738,1830,1912,2013,2122,2221,2328,2437,2542,2704,2801",
                        "endColumns": "102,97,107,89,104,116,81,82,90,92,93,93,100,92,94,94,90,91,81,100,108,98,106,108,104,161,96,81",
                        "endOffsets": "203,301,409,499,604,721,803,886,977,1070,1164,1258,1359,1452,1547,1642,1733,1825,1907,2008,2117,2216,2323,2432,2537,2699,2796,2878"
                    },
                    "to": {
                        "startLines": "2,3,4,5,6,7,8,9,10,11,12,13,14,15,16,17,18,19,20,21,22,23,24,25,26,27,28,48",
                        "startColumns": "4,4,4,4,4,4,4,4,4,4,4,4,4,4,4,4,4,4,4,4,4,4,4,4,4,4,4,4",
                        "startOffsets": "105,208,306,414,504,609,726,808,891,982,1075,1169,1263,1364,1457,1552,1647,1738,1830,1912,2013,2122,2221,2328,2437,2542,2704,5659",
                        "endColumns": "102,97,107,89,104,116,81,82,90,92,93,93,100,92,94,94,90,91,81,100,108,98,106,108,104,161,96,81",
                        "endOffsets": "203,301,409,499,604,721,803,886,977,1070,1164,1258,1359,1452,1547,1642,1733,1825,1907,2008,2117,2216,2323,2432,2537,2699,2796,5736"
                    }
                },
                {
                    "source": "C:\\Users\\cossa\\.gradle\\caches\\transforms-2\\files-2.1\\f8177bfa482e70af7a718d0de09642e2\\res\\values-sw\\values.xml",
                    "from": {
                        "startLines": "4,5,6,7,8,9,10,11,12,13,14,15,16,17,18,19,20",
                        "startColumns": "0,0,0,0,0,0,0,0,0,0,0,0,0,0,0,0,0",
                        "startOffsets": "245,347,535,658,765,987,1110,1255,1394,1618,1722,1907,2032,2241,2426,2520,2621",
                        "endColumns": "101,187,122,106,221,122,144,138,223,103,184,124,208,184,93,100,120",
                        "endOffsets": "346,534,657,764,986,1109,1254,1393,1617,1721,1906,2031,2240,2425,2519,2620,2741"
                    },
                    "to": {
                        "startLines": "29,30,31,32,33,34,35,36,38,39,40,41,42,43,44,45,46",
                        "startColumns": "4,4,4,4,4,4,4,4,4,4,4,4,4,4,4,4,4",
                        "startOffsets": "2801,2907,3095,3222,3333,3555,3682,3831,4179,4403,4511,4696,4825,5034,5223,5321,5426",
                        "endColumns": "105,187,126,110,221,126,148,142,223,107,184,128,208,188,97,104,124",
                        "endOffsets": "2902,3090,3217,3328,3550,3677,3826,3969,4398,4506,4691,4820,5029,5218,5316,5421,5546"
                    }
                },
                {
                    "source": "C:\\Users\\cossa\\.gradle\\caches\\transforms-2\\files-2.1\\6f977deaf27a856b0a93ea546331a7e6\\res\\values-sw\\values.xml",
                    "from": {
                        "startLines": "4",
                        "startColumns": "0",
                        "startOffsets": "247",
                        "endColumns": "204",
                        "endOffsets": "451"
                    },
                    "to": {
                        "startLines": "37",
                        "startColumns": "4",
                        "startOffsets": "3974",
                        "endColumns": "204",
                        "endOffsets": "4174"
                    }
                },
                {
                    "source": "C:\\Users\\cossa\\.gradle\\caches\\transforms-2\\files-2.1\\6fcec616c349a88419e23364fa181eba\\res\\values-sw\\values.xml",
                    "from": {
                        "startLines": "4",
                        "startColumns": "0",
                        "startOffsets": "205",
                        "endColumns": "103",
                        "endOffsets": "308"
                    },
                    "to": {
                        "startLines": "47",
                        "startColumns": "4",
                        "startOffsets": "5551",
                        "endColumns": "107",
                        "endOffsets": "5654"
                    }
                }
            ]
        }
    ]
}