{
    "logs": [
        {
            "outputFile": "D:\\Users\\cossa\\OneDrive\\Bureau\\App - Copie\\app\\build\\intermediates\\incremental\\mergeDebugResources\\merged.dir\\values-am\\values-am.xml",
            "map": [
                {
                    "source": "C:\\Users\\cossa\\.gradle\\caches\\transforms-2\\files-2.1\\f8177bfa482e70af7a718d0de09642e2\\res\\values-am\\values.xml",
                    "from": {
                        "startLines": "4,5,6,7,8,9,10,11,12,13,14,15,16,17,18,19,20",
                        "startColumns": "0,0,0,0,0,0,0,0,0,0,0,0,0,0,0,0,0",
                        "startOffsets": "245,345,516,636,736,922,1043,1177,1304,1491,1592,1768,1889,2083,2236,2322,2405",
                        "endColumns": "99,170,119,99,185,120,133,126,186,100,175,120,193,152,85,82,95",
                        "endOffsets": "344,515,635,735,921,1042,1176,1303,1490,1591,1767,1888,2082,2235,2321,2404,2500"
                    },
                    "to": {
                        "startLines": "29,30,31,32,33,34,35,36,38,39,40,41,42,43,44,45,46",
                        "startColumns": "4,4,4,4,4,4,4,4,4,4,4,4,4,4,4,4,4",
                        "startOffsets": "2738,2842,3013,3137,3241,3427,3552,3690,4012,4199,4304,4480,4605,4799,4956,5046,5133",
                        "endColumns": "103,170,123,103,185,124,137,130,186,104,175,124,193,156,89,86,99",
                        "endOffsets": "2837,3008,3132,3236,3422,3547,3685,3816,4194,4299,4475,4600,4794,4951,5041,5128,5228"
                    }
                },
                {
                    "source": "C:\\Users\\cossa\\.gradle\\caches\\transforms-2\\files-2.1\\122f7e0068abbdd517605c9b7ef383c3\\res\\values-am\\values-am.xml",
                    "from": {
                        "startLines": "2",
                        "startColumns": "4",
                        "startOffsets": "55",
                        "endColumns": "100",
                        "endOffsets": "151"
                    },
                    "to": {
                        "startLines": "49",
                        "startColumns": "4",
                        "startOffsets": "5416",
                        "endColumns": "100",
                        "endOffsets": "5512"
                    }
                },
                {
                    "source": "C:\\Users\\cossa\\.gradle\\caches\\transforms-2\\files-2.1\\0034ac87bcad9dcc3cd4c9cca42d3786\\res\\values-am\\values-am.xml",
                    "from": {
                        "startLines": "2,3,4,5,6,7,8,9,10,11,12,13,14,15,16,17,18,19,20,21,22,23,24,25,26,27,28,29",
                        "startColumns": "4,4,4,4,4,4,4,4,4,4,4,4,4,4,4,4,4,4,4,4,4,4,4,4,4,4,4,4",
                        "startOffsets": "105,207,306,412,498,601,714,792,870,961,1054,1147,1241,1342,1435,1530,1624,1715,1805,1884,1984,2084,2180,2283,2382,2489,2642,2738",
                        "endColumns": "101,98,105,85,102,112,77,77,90,92,92,93,100,92,94,93,90,89,78,99,99,95,102,98,106,152,95,78",
                        "endOffsets": "202,301,407,493,596,709,787,865,956,1049,1142,1236,1337,1430,1525,1619,1710,1800,1879,1979,2079,2175,2278,2377,2484,2637,2733,2812"
                    },
                    "to": {
                        "startLines": "2,3,4,5,6,7,8,9,10,11,12,13,14,15,16,17,18,19,20,21,22,23,24,25,26,27,28,48",
                        "startColumns": "4,4,4,4,4,4,4,4,4,4,4,4,4,4,4,4,4,4,4,4,4,4,4,4,4,4,4,4",
                        "startOffsets": "105,207,306,412,498,601,714,792,870,961,1054,1147,1241,1342,1435,1530,1624,1715,1805,1884,1984,2084,2180,2283,2382,2489,2642,5337",
                        "endColumns": "101,98,105,85,102,112,77,77,90,92,92,93,100,92,94,93,90,89,78,99,99,95,102,98,106,152,95,78",
                        "endOffsets": "202,301,407,493,596,709,787,865,956,1049,1142,1236,1337,1430,1525,1619,1710,1800,1879,1979,2079,2175,2278,2377,2484,2637,2733,5411"
                    }
                },
                {
                    "source": "C:\\Users\\cossa\\.gradle\\caches\\transforms-2\\files-2.1\\6f977deaf27a856b0a93ea546331a7e6\\res\\values-am\\values.xml",
                    "from": {
                        "startLines": "4",
                        "startColumns": "0",
                        "startOffsets": "247",
                        "endColumns": "190",
                        "endOffsets": "437"
                    },
                    "to": {
                        "startLines": "37",
                        "startColumns": "4",
                        "startOffsets": "3821",
                        "endColumns": "190",
                        "endOffsets": "4007"
                    }
                },
                {
                    "source": "C:\\Users\\cossa\\.gradle\\caches\\transforms-2\\files-2.1\\6fcec616c349a88419e23364fa181eba\\res\\values-am\\values.xml",
                    "from": {
                        "startLines": "4",
                        "startColumns": "0",
                        "startOffsets": "205",
                        "endColumns": "99",
                        "endOffsets": "304"
                    },
                    "to": {
                        "startLines": "47",
                        "startColumns": "4",
                        "startOffsets": "5233",
                        "endColumns": "103",
                        "endOffsets": "5332"
                    }
                }
            ]
        }
    ]
}