{
    "logs": [
        {
            "outputFile": "D:\\Users\\cossa\\OneDrive\\Bureau\\App - Copie\\app\\build\\intermediates\\incremental\\mergeDebugResources\\merged.dir\\values-da\\values-da.xml",
            "map": [
                {
                    "source": "C:\\Users\\cossa\\.gradle\\caches\\transforms-2\\files-2.1\\122f7e0068abbdd517605c9b7ef383c3\\res\\values-da\\values-da.xml",
                    "from": {
                        "startLines": "2",
                        "startColumns": "4",
                        "startOffsets": "55",
                        "endColumns": "100",
                        "endOffsets": "151"
                    },
                    "to": {
                        "startLines": "49",
                        "startColumns": "4",
                        "startOffsets": "5641",
                        "endColumns": "100",
                        "endOffsets": "5737"
                    }
                },
                {
                    "source": "C:\\Users\\cossa\\.gradle\\caches\\transforms-2\\files-2.1\\6fcec616c349a88419e23364fa181eba\\res\\values-da\\values.xml",
                    "from": {
                        "startLines": "4",
                        "startColumns": "0",
                        "startOffsets": "205",
                        "endColumns": "101",
                        "endOffsets": "306"
                    },
                    "to": {
                        "startLines": "47",
                        "startColumns": "4",
                        "startOffsets": "5456",
                        "endColumns": "105",
                        "endOffsets": "5557"
                    }
                },
                {
                    "source": "C:\\Users\\cossa\\.gradle\\caches\\transforms-2\\files-2.1\\0034ac87bcad9dcc3cd4c9cca42d3786\\res\\values-da\\values-da.xml",
                    "from": {
                        "startLines": "2,3,4,5,6,7,8,9,10,11,12,13,14,15,16,17,18,19,20,21,22,23,24,25,26,27,28,29",
                        "startColumns": "4,4,4,4,4,4,4,4,4,4,4,4,4,4,4,4,4,4,4,4,4,4,4,4,4,4,4,4",
                        "startOffsets": "105,208,307,419,502,602,715,792,869,960,1053,1149,1243,1338,1431,1526,1624,1715,1806,1885,1994,2102,2198,2312,2414,2515,2668,2765",
                        "endColumns": "102,98,111,82,99,112,76,76,90,92,95,93,94,92,94,97,90,90,78,108,107,95,113,101,100,152,96,78",
                        "endOffsets": "203,302,414,497,597,710,787,864,955,1048,1144,1238,1333,1426,1521,1619,1710,1801,1880,1989,2097,2193,2307,2409,2510,2663,2760,2839"
                    },
                    "to": {
                        "startLines": "2,3,4,5,6,7,8,9,10,11,12,13,14,15,16,17,18,19,20,21,22,23,24,25,26,27,28,48",
                        "startColumns": "4,4,4,4,4,4,4,4,4,4,4,4,4,4,4,4,4,4,4,4,4,4,4,4,4,4,4,4",
                        "startOffsets": "105,208,307,419,502,602,715,792,869,960,1053,1149,1243,1338,1431,1526,1624,1715,1806,1885,1994,2102,2198,2312,2414,2515,2668,5562",
                        "endColumns": "102,98,111,82,99,112,76,76,90,92,95,93,94,92,94,97,90,90,78,108,107,95,113,101,100,152,96,78",
                        "endOffsets": "203,302,414,497,597,710,787,864,955,1048,1144,1238,1333,1426,1521,1619,1710,1801,1880,1989,2097,2193,2307,2409,2510,2663,2760,5636"
                    }
                },
                {
                    "source": "C:\\Users\\cossa\\.gradle\\caches\\transforms-2\\files-2.1\\f8177bfa482e70af7a718d0de09642e2\\res\\values-da\\values.xml",
                    "from": {
                        "startLines": "4,5,6,7,8,9,10,11,12,13,14,15,16,17,18,19,20",
                        "startColumns": "0,0,0,0,0,0,0,0,0,0,0,0,0,0,0,0,0",
                        "startOffsets": "245,349,541,666,773,975,1098,1244,1374,1589,1693,1886,2011,2215,2419,2511,2599",
                        "endColumns": "103,191,124,106,201,122,145,129,214,103,192,124,203,203,91,87,102",
                        "endOffsets": "348,540,665,772,974,1097,1243,1373,1588,1692,1885,2010,2214,2418,2510,2598,2701"
                    },
                    "to": {
                        "startLines": "29,30,31,32,33,34,35,36,38,39,40,41,42,43,44,45,46",
                        "startColumns": "4,4,4,4,4,4,4,4,4,4,4,4,4,4,4,4,4",
                        "startOffsets": "2765,2873,3065,3194,3305,3507,3634,3784,4104,4319,4427,4620,4749,4953,5161,5257,5349",
                        "endColumns": "107,191,128,110,201,126,149,133,214,107,192,128,203,207,95,91,106",
                        "endOffsets": "2868,3060,3189,3300,3502,3629,3779,3913,4314,4422,4615,4744,4948,5156,5252,5344,5451"
                    }
                },
                {
                    "source": "C:\\Users\\cossa\\.gradle\\caches\\transforms-2\\files-2.1\\6f977deaf27a856b0a93ea546331a7e6\\res\\values-da\\values.xml",
                    "from": {
                        "startLines": "4",
                        "startColumns": "0",
                        "startOffsets": "247",
                        "endColumns": "185",
                        "endOffsets": "432"
                    },
                    "to": {
                        "startLines": "37",
                        "startColumns": "4",
                        "startOffsets": "3918",
                        "endColumns": "185",
                        "endOffsets": "4099"
                    }
                }
            ]
        }
    ]
}