{
    "logs": [
        {
            "outputFile": "D:\\Users\\cossa\\OneDrive\\Bureau\\App - Copie\\app\\build\\intermediates\\incremental\\mergeDebugResources\\merged.dir\\values-zu\\values-zu.xml",
            "map": [
                {
                    "source": "C:\\Users\\cossa\\.gradle\\caches\\transforms-2\\files-2.1\\122f7e0068abbdd517605c9b7ef383c3\\res\\values-zu\\values-zu.xml",
                    "from": {
                        "startLines": "2",
                        "startColumns": "4",
                        "startOffsets": "55",
                        "endColumns": "100",
                        "endOffsets": "151"
                    },
                    "to": {
                        "startLines": "49",
                        "startColumns": "4",
                        "startOffsets": "5787",
                        "endColumns": "100",
                        "endOffsets": "5883"
                    }
                },
                {
                    "source": "C:\\Users\\cossa\\.gradle\\caches\\transforms-2\\files-2.1\\f8177bfa482e70af7a718d0de09642e2\\res\\values-zu\\values.xml",
                    "from": {
                        "startLines": "4,5,6,7,8,9,10,11,12,13,14,15,16,17,18,19,20",
                        "startColumns": "0,0,0,0,0,0,0,0,0,0,0,0,0,0,0,0,0",
                        "startOffsets": "245,354,562,695,797,1024,1151,1301,1436,1655,1763,1959,2088,2305,2488,2575,2670",
                        "endColumns": "108,207,132,101,226,126,149,134,218,107,195,128,216,182,86,94,109",
                        "endOffsets": "353,561,694,796,1023,1150,1300,1435,1654,1762,1958,2087,2304,2487,2574,2669,2779"
                    },
                    "to": {
                        "startLines": "29,30,31,32,33,34,35,36,38,39,40,41,42,43,44,45,46",
                        "startColumns": "4,4,4,4,4,4,4,4,4,4,4,4,4,4,4,4,4",
                        "startOffsets": "2817,2930,3138,3275,3381,3608,3739,3893,4223,4442,4554,4750,4883,5100,5287,5378,5477",
                        "endColumns": "112,207,136,105,226,130,153,138,218,111,195,132,216,186,90,98,113",
                        "endOffsets": "2925,3133,3270,3376,3603,3734,3888,4027,4437,4549,4745,4878,5095,5282,5373,5472,5586"
                    }
                },
                {
                    "source": "C:\\Users\\cossa\\.gradle\\caches\\transforms-2\\files-2.1\\6f977deaf27a856b0a93ea546331a7e6\\res\\values-zu\\values.xml",
                    "from": {
                        "startLines": "4",
                        "startColumns": "0",
                        "startOffsets": "247",
                        "endColumns": "190",
                        "endOffsets": "437"
                    },
                    "to": {
                        "startLines": "37",
                        "startColumns": "4",
                        "startOffsets": "4032",
                        "endColumns": "190",
                        "endOffsets": "4218"
                    }
                },
                {
                    "source": "C:\\Users\\cossa\\.gradle\\caches\\transforms-2\\files-2.1\\0034ac87bcad9dcc3cd4c9cca42d3786\\res\\values-zu\\values-zu.xml",
                    "from": {
                        "startLines": "2,3,4,5,6,7,8,9,10,11,12,13,14,15,16,17,18,19,20,21,22,23,24,25,26,27,28,29",
                        "startColumns": "4,4,4,4,4,4,4,4,4,4,4,4,4,4,4,4,4,4,4,4,4,4,4,4,4,4,4,4",
                        "startOffsets": "105,213,320,434,522,625,752,832,912,1003,1096,1190,1284,1385,1478,1573,1667,1758,1851,1937,2041,2147,2245,2352,2458,2564,2721,2817",
                        "endColumns": "107,106,113,87,102,126,79,79,90,92,93,93,100,92,94,93,90,92,85,103,105,97,106,105,105,156,95,80",
                        "endOffsets": "208,315,429,517,620,747,827,907,998,1091,1185,1279,1380,1473,1568,1662,1753,1846,1932,2036,2142,2240,2347,2453,2559,2716,2812,2893"
                    },
                    "to": {
                        "startLines": "2,3,4,5,6,7,8,9,10,11,12,13,14,15,16,17,18,19,20,21,22,23,24,25,26,27,28,48",
                        "startColumns": "4,4,4,4,4,4,4,4,4,4,4,4,4,4,4,4,4,4,4,4,4,4,4,4,4,4,4,4",
                        "startOffsets": "105,213,320,434,522,625,752,832,912,1003,1096,1190,1284,1385,1478,1573,1667,1758,1851,1937,2041,2147,2245,2352,2458,2564,2721,5706",
                        "endColumns": "107,106,113,87,102,126,79,79,90,92,93,93,100,92,94,93,90,92,85,103,105,97,106,105,105,156,95,80",
                        "endOffsets": "208,315,429,517,620,747,827,907,998,1091,1185,1279,1380,1473,1568,1662,1753,1846,1932,2036,2142,2240,2347,2453,2559,2716,2812,5782"
                    }
                },
                {
                    "source": "C:\\Users\\cossa\\.gradle\\caches\\transforms-2\\files-2.1\\6fcec616c349a88419e23364fa181eba\\res\\values-zu\\values.xml",
                    "from": {
                        "startLines": "4",
                        "startColumns": "0",
                        "startOffsets": "205",
                        "endColumns": "110",
                        "endOffsets": "315"
                    },
                    "to": {
                        "startLines": "47",
                        "startColumns": "4",
                        "startOffsets": "5591",
                        "endColumns": "114",
                        "endOffsets": "5701"
                    }
                }
            ]
        }
    ]
}