{
    "logs": [
        {
            "outputFile": "D:\\Users\\cossa\\OneDrive\\Bureau\\App - Copie\\app\\build\\intermediates\\incremental\\mergeDebugResources\\merged.dir\\values-tl\\values-tl.xml",
            "map": [
                {
                    "source": "C:\\Users\\cossa\\.gradle\\caches\\transforms-2\\files-2.1\\6f977deaf27a856b0a93ea546331a7e6\\res\\values-tl\\values.xml",
                    "from": {
                        "startLines": "4",
                        "startColumns": "0",
                        "startOffsets": "247",
                        "endColumns": "204",
                        "endOffsets": "451"
                    },
                    "to": {
                        "startLines": "37",
                        "startColumns": "4",
                        "startOffsets": "4082",
                        "endColumns": "204",
                        "endOffsets": "4282"
                    }
                },
                {
                    "source": "C:\\Users\\cossa\\.gradle\\caches\\transforms-2\\files-2.1\\122f7e0068abbdd517605c9b7ef383c3\\res\\values-tl\\values-tl.xml",
                    "from": {
                        "startLines": "2",
                        "startColumns": "4",
                        "startOffsets": "55",
                        "endColumns": "100",
                        "endOffsets": "151"
                    },
                    "to": {
                        "startLines": "49",
                        "startColumns": "4",
                        "startOffsets": "5906",
                        "endColumns": "100",
                        "endOffsets": "6002"
                    }
                },
                {
                    "source": "C:\\Users\\cossa\\.gradle\\caches\\transforms-2\\files-2.1\\0034ac87bcad9dcc3cd4c9cca42d3786\\res\\values-tl\\values-tl.xml",
                    "from": {
                        "startLines": "2,3,4,5,6,7,8,9,10,11,12,13,14,15,16,17,18,19,20,21,22,23,24,25,26,27,28,29",
                        "startColumns": "4,4,4,4,4,4,4,4,4,4,4,4,4,4,4,4,4,4,4,4,4,4,4,4,4,4,4,4",
                        "startOffsets": "105,224,332,449,537,643,764,843,921,1012,1105,1201,1295,1396,1489,1584,1678,1769,1860,1944,2053,2164,2265,2375,2492,2600,2763,2865",
                        "endColumns": "118,107,116,87,105,120,78,77,90,92,95,93,100,92,94,93,90,90,83,108,110,100,109,116,107,162,101,83",
                        "endOffsets": "219,327,444,532,638,759,838,916,1007,1100,1196,1290,1391,1484,1579,1673,1764,1855,1939,2048,2159,2260,2370,2487,2595,2758,2860,2944"
                    },
                    "to": {
                        "startLines": "2,3,4,5,6,7,8,9,10,11,12,13,14,15,16,17,18,19,20,21,22,23,24,25,26,27,28,48",
                        "startColumns": "4,4,4,4,4,4,4,4,4,4,4,4,4,4,4,4,4,4,4,4,4,4,4,4,4,4,4,4",
                        "startOffsets": "105,224,332,449,537,643,764,843,921,1012,1105,1201,1295,1396,1489,1584,1678,1769,1860,1944,2053,2164,2265,2375,2492,2600,2763,5822",
                        "endColumns": "118,107,116,87,105,120,78,77,90,92,95,93,100,92,94,93,90,90,83,108,110,100,109,116,107,162,101,83",
                        "endOffsets": "219,327,444,532,638,759,838,916,1007,1100,1196,1290,1391,1484,1579,1673,1764,1855,1939,2048,2159,2260,2370,2487,2595,2758,2860,5901"
                    }
                },
                {
                    "source": "C:\\Users\\cossa\\.gradle\\caches\\transforms-2\\files-2.1\\f8177bfa482e70af7a718d0de09642e2\\res\\values-tl\\values.xml",
                    "from": {
                        "startLines": "4,5,6,7,8,9,10,11,12,13,14,15,16,17,18,19,20",
                        "startColumns": "0,0,0,0,0,0,0,0,0,0,0,0,0,0,0,0,0",
                        "startOffsets": "245,350,558,694,801,1018,1152,1300,1438,1676,1781,1990,2126,2347,2552,2646,2738",
                        "endColumns": "104,207,135,106,216,133,147,137,237,104,208,135,220,204,93,91,105",
                        "endOffsets": "349,557,693,800,1017,1151,1299,1437,1675,1780,1989,2125,2346,2551,2645,2737,2843"
                    },
                    "to": {
                        "startLines": "29,30,31,32,33,34,35,36,38,39,40,41,42,43,44,45,46",
                        "startColumns": "4,4,4,4,4,4,4,4,4,4,4,4,4,4,4,4,4",
                        "startOffsets": "2865,2974,3182,3322,3433,3650,3788,3940,4287,4525,4634,4843,4983,5204,5413,5511,5607",
                        "endColumns": "108,207,139,110,216,137,151,141,237,108,208,139,220,208,97,95,109",
                        "endOffsets": "2969,3177,3317,3428,3645,3783,3935,4077,4520,4629,4838,4978,5199,5408,5506,5602,5712"
                    }
                },
                {
                    "source": "C:\\Users\\cossa\\.gradle\\caches\\transforms-2\\files-2.1\\6fcec616c349a88419e23364fa181eba\\res\\values-tl\\values.xml",
                    "from": {
                        "startLines": "4",
                        "startColumns": "0",
                        "startOffsets": "205",
                        "endColumns": "100",
                        "endOffsets": "305"
                    },
                    "to": {
                        "startLines": "47",
                        "startColumns": "4",
                        "startOffsets": "5717",
                        "endColumns": "104",
                        "endOffsets": "5817"
                    }
                }
            ]
        }
    ]
}