{
    "logs": [
        {
            "outputFile": "D:\\Users\\cossa\\OneDrive\\Bureau\\App - Copie\\app\\build\\intermediates\\incremental\\mergeDebugResources\\merged.dir\\values-ko\\values-ko.xml",
            "map": [
                {
                    "source": "C:\\Users\\cossa\\.gradle\\caches\\transforms-2\\files-2.1\\6f977deaf27a856b0a93ea546331a7e6\\res\\values-ko\\values.xml",
                    "from": {
                        "startLines": "4",
                        "startColumns": "0",
                        "startOffsets": "247",
                        "endColumns": "179",
                        "endOffsets": "426"
                    },
                    "to": {
                        "startLines": "37",
                        "startColumns": "4",
                        "startOffsets": "3731",
                        "endColumns": "179",
                        "endOffsets": "3906"
                    }
                },
                {
                    "source": "C:\\Users\\cossa\\.gradle\\caches\\transforms-2\\files-2.1\\6fcec616c349a88419e23364fa181eba\\res\\values-ko\\values.xml",
                    "from": {
                        "startLines": "4",
                        "startColumns": "0",
                        "startOffsets": "205",
                        "endColumns": "96",
                        "endOffsets": "301"
                    },
                    "to": {
                        "startLines": "47",
                        "startColumns": "4",
                        "startOffsets": "5114",
                        "endColumns": "100",
                        "endOffsets": "5210"
                    }
                },
                {
                    "source": "C:\\Users\\cossa\\.gradle\\caches\\transforms-2\\files-2.1\\122f7e0068abbdd517605c9b7ef383c3\\res\\values-ko\\values-ko.xml",
                    "from": {
                        "startLines": "2",
                        "startColumns": "4",
                        "startOffsets": "55",
                        "endColumns": "100",
                        "endOffsets": "151"
                    },
                    "to": {
                        "startLines": "49",
                        "startColumns": "4",
                        "startOffsets": "5293",
                        "endColumns": "100",
                        "endOffsets": "5389"
                    }
                },
                {
                    "source": "C:\\Users\\cossa\\.gradle\\caches\\transforms-2\\files-2.1\\f8177bfa482e70af7a718d0de09642e2\\res\\values-ko\\values.xml",
                    "from": {
                        "startLines": "4,5,6,7,8,9,10,11,12,13,14,15,16,17,18,19,20",
                        "startColumns": "0,0,0,0,0,0,0,0,0,0,0,0,0,0,0,0,0",
                        "startOffsets": "245,347,518,632,732,906,1021,1154,1274,1478,1579,1746,1862,2039,2184,2269,2353",
                        "endColumns": "101,170,113,99,173,114,132,119,203,100,166,115,176,144,84,83,99",
                        "endOffsets": "346,517,631,731,905,1020,1153,1273,1477,1578,1745,1861,2038,2183,2268,2352,2452"
                    },
                    "to": {
                        "startLines": "29,30,31,32,33,34,35,36,38,39,40,41,42,43,44,45,46",
                        "startColumns": "4,4,4,4,4,4,4,4,4,4,4,4,4,4,4,4,4",
                        "startOffsets": "2678,2784,2955,3073,3177,3351,3470,3607,3911,4115,4220,4387,4507,4684,4833,4922,5010",
                        "endColumns": "105,170,117,103,173,118,136,123,203,104,166,119,176,148,88,87,103",
                        "endOffsets": "2779,2950,3068,3172,3346,3465,3602,3726,4110,4215,4382,4502,4679,4828,4917,5005,5109"
                    }
                },
                {
                    "source": "C:\\Users\\cossa\\.gradle\\caches\\transforms-2\\files-2.1\\0034ac87bcad9dcc3cd4c9cca42d3786\\res\\values-ko\\values-ko.xml",
                    "from": {
                        "startLines": "2,3,4,5,6,7,8,9,10,11,12,13,14,15,16,17,18,19,20,21,22,23,24,25,26,27,28,29",
                        "startColumns": "4,4,4,4,4,4,4,4,4,4,4,4,4,4,4,4,4,4,4,4,4,4,4,4,4,4,4,4",
                        "startOffsets": "105,200,294,396,478,576,682,761,837,928,1021,1113,1204,1305,1398,1493,1587,1678,1769,1849,1947,2042,2137,2237,2333,2432,2584,2678",
                        "endColumns": "94,93,101,81,97,105,78,75,90,92,91,90,100,92,94,93,90,90,79,97,94,94,99,95,98,151,93,77",
                        "endOffsets": "195,289,391,473,571,677,756,832,923,1016,1108,1199,1300,1393,1488,1582,1673,1764,1844,1942,2037,2132,2232,2328,2427,2579,2673,2751"
                    },
                    "to": {
                        "startLines": "2,3,4,5,6,7,8,9,10,11,12,13,14,15,16,17,18,19,20,21,22,23,24,25,26,27,28,48",
                        "startColumns": "4,4,4,4,4,4,4,4,4,4,4,4,4,4,4,4,4,4,4,4,4,4,4,4,4,4,4,4",
                        "startOffsets": "105,200,294,396,478,576,682,761,837,928,1021,1113,1204,1305,1398,1493,1587,1678,1769,1849,1947,2042,2137,2237,2333,2432,2584,5215",
                        "endColumns": "94,93,101,81,97,105,78,75,90,92,91,90,100,92,94,93,90,90,79,97,94,94,99,95,98,151,93,77",
                        "endOffsets": "195,289,391,473,571,677,756,832,923,1016,1108,1199,1300,1393,1488,1582,1673,1764,1844,1942,2037,2132,2232,2328,2427,2579,2673,5288"
                    }
                }
            ]
        }
    ]
}