{
    "logs": [
        {
            "outputFile": "D:\\Users\\cossa\\OneDrive\\Bureau\\App - Copie\\app\\build\\intermediates\\incremental\\mergeDebugResources\\merged.dir\\values\\values.xml",
            "map": [
                {
                    "source": "D:\\Users\\cossa\\OneDrive\\Bureau\\App - Copie\\app\\build\\generated\\res\\google-services\\debug\\values\\values.xml",
                    "from": {
                        "startLines": "2,3,4,5,6,7,8,9",
                        "startColumns": "4,4,4,4,4,4,4,4",
                        "startOffsets": "55,199,305,387,491,600,720,815",
                        "endColumns": "143,105,81,103,108,119,94,71",
                        "endOffsets": "194,300,382,486,595,715,810,882"
                    },
                    "to": {
                        "startLines": "605,609,610,611,612,613,614,622",
                        "startColumns": "4,4,4,4,4,4,4,4",
                        "startOffsets": "37891,38421,38527,38609,38713,38822,38942,40068",
                        "endColumns": "143,105,81,103,108,119,94,71",
                        "endOffsets": "38030,38522,38604,38708,38817,38937,39032,40135"
                    }
                },
                {
                    "source": "C:\\Users\\cossa\\.gradle\\caches\\transforms-2\\files-2.1\\f55dab360314c006471726f9a1f2fe27\\res\\values\\values.xml",
                    "from": {
                        "startLines": "2,102,3,13",
                        "startColumns": "4,4,4,4",
                        "startOffsets": "55,5935,116,724",
                        "endLines": "2,104,12,101",
                        "endColumns": "60,12,24,24",
                        "endOffsets": "111,6075,719,5930"
                    },
                    "to": {
                        "startLines": "24,2969,3791,3801",
                        "startColumns": "4,4,4,4",
                        "startOffsets": "1201,195328,247216,247824",
                        "endLines": "24,2971,3800,3889",
                        "endColumns": "60,12,24,24",
                        "endOffsets": "1257,195468,247819,253030"
                    }
                },
                {
                    "source": "D:\\Users\\cossa\\OneDrive\\Bureau\\App - Copie\\app\\src\\main\\res\\values\\styles.xml",
                    "from": {
                        "startLines": "3",
                        "startColumns": "4",
                        "startOffsets": "57",
                        "endLines": "8",
                        "endColumns": "12",
                        "endOffsets": "374"
                    },
                    "to": {
                        "startLines": "634",
                        "startColumns": "4",
                        "startOffsets": "40983",
                        "endLines": "639",
                        "endColumns": "12",
                        "endOffsets": "41295"
                    }
                },
                {
                    "source": "D:\\Users\\cossa\\OneDrive\\Bureau\\App - Copie\\app\\src\\main\\res\\values\\colors.xml",
                    "from": {
                        "startLines": "13,14,17,4,2,3,6,15,7,9",
                        "startColumns": "4,4,4,4,4,4,4,4,4,4",
                        "startOffsets": "358,401,493,157,57,105,206,446,250,299",
                        "endColumns": "41,43,39,45,46,50,42,43,45,51",
                        "endOffsets": "395,440,528,198,99,151,244,485,291,346"
                    },
                    "to": {
                        "startLines": "170,171,182,195,196,197,198,199,227,250",
                        "startColumns": "4,4,4,4,4,4,4,4,4,4",
                        "startOffsets": "8316,8358,9169,10099,10145,10192,10243,10286,12310,13715",
                        "endColumns": "41,43,39,45,46,50,42,43,45,51",
                        "endOffsets": "8353,8397,9204,10140,10187,10238,10281,10325,12351,13762"
                    }
                },
                {
                    "source": "C:\\Users\\cossa\\.gradle\\caches\\transforms-2\\files-2.1\\c6d04476584ddc33b663b9f123d0f8e0\\res\\values\\values.xml",
                    "from": {
                        "startLines": "2,3,11,12,13,14,15,19,20,21,22,25,26,29,32,33,34,35,36,39,42,43,44,45,50,53,56,57,58,63,64,65,68,71,72,75,78,81,84,85,88,91,92,97,98,103,106,109,110,111,112,113,114,115,116,117,118,127,128,129,130",
                        "startColumns": "4,4,4,4,4,4,4,4,4,4,4,4,4,4,4,4,4,4,4,4,4,4,4,4,4,4,4,4,4,4,4,4,4,4,4,4,4,4,4,4,4,4,4,4,4,4,4,4,4,4,4,4,4,4,4,4,4,4,4,4,4",
                        "startOffsets": "55,116,407,455,507,568,614,741,802,862,932,1065,1133,1262,1388,1450,1515,1583,1650,1773,1898,1965,2030,2095,2276,2397,2518,2584,2651,2861,2930,2996,3121,3247,3314,3440,3567,3692,3819,3884,4010,4133,4198,4406,4473,4653,4773,4893,4958,5020,5082,5144,5203,5263,5324,5385,5444,5819,8395,8527,11791",
                        "endLines": "2,10,11,12,13,14,18,19,20,21,24,25,28,31,32,33,34,35,38,41,42,43,44,49,52,55,56,57,62,63,64,67,70,71,74,77,80,83,84,87,90,91,96,97,102,105,108,109,110,111,112,113,114,115,116,117,126,127,128,129,130",
                        "endColumns": "60,11,47,51,60,45,11,60,59,69,11,67,11,11,61,64,67,66,11,11,66,64,64,11,11,11,65,66,11,68,65,11,11,66,11,11,11,11,64,11,11,64,11,66,11,11,11,64,61,61,61,58,59,60,60,58,11,2575,131,3263,107",
                        "endOffsets": "111,402,450,502,563,609,736,797,857,927,1060,1128,1257,1383,1445,1510,1578,1645,1768,1893,1960,2025,2090,2271,2392,2513,2579,2646,2856,2925,2991,3116,3242,3309,3435,3562,3687,3814,3879,4005,4128,4193,4401,4468,4648,4768,4888,4953,5015,5077,5139,5198,5258,5319,5380,5439,5814,8390,8522,11786,11894"
                    },
                    "to": {
                        "startLines": "2,3,16,21,22,23,26,34,35,36,37,40,41,44,47,48,49,50,51,54,57,58,59,60,65,68,71,72,73,78,79,80,83,86,87,90,93,96,99,100,103,106,107,112,113,118,121,124,125,126,127,128,129,130,131,132,133,3788,3789,3790,4039",
                        "startColumns": "4,4,4,4,4,4,4,4,4,4,4,4,4,4,4,4,4,4,4,4,4,4,4,4,4,4,4,4,4,4,4,4,4,4,4,4,4,4,4,4,4,4,4,4,4,4,4,4,4,4,4,4,4,4,4,4,4,4,4,4,4",
                        "startOffsets": "150,211,786,1042,1094,1155,1317,1636,1697,1757,1827,1960,2028,2157,2283,2345,2410,2478,2545,2668,2793,2860,2925,2990,3171,3292,3413,3479,3546,3756,3825,3891,4016,4142,4209,4335,4462,4587,4714,4779,4905,5028,5093,5301,5368,5548,5668,5788,5853,5915,5977,6039,6098,6158,6219,6280,6339,241244,243820,243952,262504",
                        "endLines": "2,10,16,21,22,23,29,34,35,36,39,40,43,46,47,48,49,50,53,56,57,58,59,64,67,70,71,72,77,78,79,82,85,86,89,92,95,98,99,102,105,106,111,112,117,120,123,124,125,126,127,128,129,130,131,132,141,3788,3789,3790,4039",
                        "endColumns": "60,11,47,51,60,45,11,60,59,69,11,67,11,11,61,64,67,66,11,11,66,64,64,11,11,11,65,66,11,68,65,11,11,66,11,11,11,11,64,11,11,64,11,66,11,11,11,64,61,61,61,58,59,60,60,58,11,2575,131,3263,107",
                        "endOffsets": "206,497,829,1089,1150,1196,1439,1692,1752,1822,1955,2023,2152,2278,2340,2405,2473,2540,2663,2788,2855,2920,2985,3166,3287,3408,3474,3541,3751,3820,3886,4011,4137,4204,4330,4457,4582,4709,4774,4900,5023,5088,5296,5363,5543,5663,5783,5848,5910,5972,6034,6093,6153,6214,6275,6334,6709,243815,243947,247211,262607"
                    }
                },
                {
                    "source": "C:\\Users\\cossa\\.gradle\\caches\\transforms-2\\files-2.1\\6f977deaf27a856b0a93ea546331a7e6\\res\\values\\values.xml",
                    "from": {
                        "startLines": "4,7",
                        "startColumns": "0,0",
                        "startOffsets": "238,401",
                        "endColumns": "63,166",
                        "endOffsets": "301,567"
                    },
                    "to": {
                        "startLines": "535,595",
                        "startColumns": "4,4",
                        "startOffsets": "31794,36598",
                        "endColumns": "67,166",
                        "endOffsets": "31857,36760"
                    }
                },
                {
                    "source": "C:\\Users\\cossa\\.gradle\\caches\\transforms-2\\files-2.1\\438ab69f4f1ffd8894131183feb9cf99\\res\\values\\values.xml",
                    "from": {
                        "startLines": "2,3,4,5,6,7,8,9,10,11",
                        "startColumns": "4,4,4,4,4,4,4,4,4,4",
                        "startOffsets": "55,95,138,185,240,285,339,391,440,501",
                        "endColumns": "39,42,46,54,44,53,51,48,60,49",
                        "endOffsets": "90,133,180,235,280,334,386,435,496,546"
                    },
                    "to": {
                        "startLines": "495,502,505,506,507,520,521,522,523,524",
                        "startColumns": "4,4,4,4,4,4,4,4,4,4",
                        "startOffsets": "29777,30107,30246,30293,30348,30942,30996,31048,31097,31158",
                        "endColumns": "39,42,46,54,44,53,51,48,60,49",
                        "endOffsets": "29812,30145,30288,30343,30388,30991,31043,31092,31153,31203"
                    }
                },
                {
                    "source": "D:\\Users\\cossa\\OneDrive\\Bureau\\App - Copie\\app\\src\\main\\res\\values\\strings.xml",
                    "from": {
                        "startLines": "1",
                        "startColumns": "4",
                        "startOffsets": "17",
                        "endColumns": "51",
                        "endOffsets": "64"
                    },
                    "to": {
                        "startLines": "582",
                        "startColumns": "4",
                        "startOffsets": "35049",
                        "endColumns": "51",
                        "endOffsets": "35096"
                    }
                },
                {
                    "source": "C:\\Users\\cossa\\.gradle\\caches\\transforms-2\\files-2.1\\b20bf4502a15ba71748de029744a6b8a\\res\\values\\values.xml",
                    "from": {
                        "startLines": "2,3,4,5,6,7,8,9,10,11,12,13,14,15,16,17,18,19,20,21,22,23,24,25,26,27,28,29,30,31,32,33,34,35,36,37,38,39,40,41,42,43,44,45,46,47,48,49,50,51,52,53,54,218,219,220,221,222,223,224,225,226,227,228,229,230,231,232,233,234,235,236,237,238,239,240,241,242,243,244,245,246,247,248,249,250,251,252,253,254,255,256,257,258,259,260,261,262,263,264,265,266,267,268,269,270,271,272,273,274,275,276,277,278,279,280,281,282,283,284,285,286,287,288,289,290,291,292,293,294,295,296,297,298,299,300,301,302,303,304,305,306,307,308,309,310,311,312,313,314,315,316,317,318,319,320,321,322,323,324,325,326,327,328,329,330,331,332,333,334,335,336,337,338,339,340,341,345,346,347,352,353,357,363,367,368,369,370,381,382,383,387,393,397,398,399,400,430,450,496,526,546,566,612,616,620,634,675,683,693,694,695,696,697,700,701,704,707,708,711,715,720,728,736,745,753,757,765,773,781,789,797,806,815,823,832,835,837,842,844,849,853,857,858,863,864,865,866,867,868,870,871,876,877,878,879,880,881,882,884,888,892,896,900,901,902,903,904,905,906,907,908,911,915,918,922,930,937,946,950,965,973,976,985,990,1001,1009,1012,1021,1028,1029,1048,1051,1057,1060,1069,1072,1075,1078,1081,1084,1088,1091,1100,1103,1111,1116,1124,1129,1133,1134,1145,1152,1156,1160,1161,1165,1173,1177,1182,1187,55,56,57,76,82,92,96,97,98,141,149,150,158,159,160,161,167,168,169,170,171,172,173,174,175,198,217",
                        "startColumns": "4,4,4,4,4,4,4,4,4,4,4,4,4,4,4,4,4,4,4,4,4,4,4,4,4,4,4,4,4,4,4,4,4,4,4,4,4,4,4,4,4,4,4,4,4,4,4,4,4,4,4,4,4,4,4,4,4,4,4,4,4,4,4,4,4,4,4,4,4,4,4,4,4,4,4,4,4,4,4,4,4,4,4,4,4,4,4,4,4,4,4,4,4,4,4,4,4,4,4,4,4,4,4,4,4,4,4,4,4,4,4,4,4,4,4,4,4,4,4,4,4,4,4,4,4,4,4,4,4,4,4,4,4,4,4,4,4,4,4,4,4,4,4,4,4,4,4,4,4,4,4,4,4,4,4,4,4,4,4,4,4,4,4,4,4,4,4,4,4,4,4,4,4,4,4,4,4,4,4,4,4,4,4,4,4,4,4,4,4,4,4,4,4,4,4,4,4,4,4,4,4,4,4,4,4,4,4,4,4,4,4,4,4,4,4,4,4,4,4,4,4,4,4,4,4,4,4,4,4,4,4,4,4,4,4,4,4,4,4,4,4,4,4,4,4,4,4,4,4,4,4,4,4,4,4,4,4,4,4,4,4,4,4,4,4,4,4,4,4,4,4,4,4,4,4,4,4,4,4,4,4,4,4,4,4,4,4,4,4,4,4,4,4,4,4,4,4,4,4,4,4,4,4,4,4,4,4,4,4,4,4,4,4,4,4,4,4,4,4,4,4,4,4,4,4,4,4,4,4,4,4,4,4,4,4,4,4,4,4,4,4,4,4,4,4,4,4,4",
                        "startOffsets": "100,156,216,277,332,385,443,491,540,585,638,696,756,814,860,920,973,1019,1069,1116,1174,1232,1291,1351,1413,1475,1537,1599,1661,1723,1784,1846,1908,1961,2023,2097,2160,2228,2309,2373,2439,2509,2579,2649,2719,2786,2849,2914,2980,3033,3109,3175,3262,18372,18426,18505,18583,18656,18721,18784,18850,18921,18992,19054,19123,19189,19256,19323,19379,19430,19483,19535,19589,19660,19723,19782,19844,19903,19976,20043,20103,20166,20241,20313,20384,20440,20511,20568,20625,20691,20755,20826,20883,20936,20999,21051,21109,21176,21242,21308,21389,21464,21520,21573,21634,21692,21742,21791,21840,21889,21951,22003,22048,22129,22183,22236,22290,22341,22390,22441,22502,22563,22625,22675,22716,22766,22814,22876,22927,22976,23045,23106,23162,23233,23298,23367,23418,23481,23551,23620,23690,23752,23822,23892,23967,24026,24084,24146,24191,24234,24281,24326,24377,24425,24491,24553,24616,24688,24745,24802,24862,24920,24990,25047,25192,25313,25417,25504,25656,25808,25956,26037,26115,26416,26582,26737,26839,27116,27209,27316,27659,27766,27995,28404,28636,28736,28841,28960,29583,29730,29849,30084,30499,30737,30849,30970,31103,33241,34757,38048,40182,41710,43254,46541,46787,47046,47850,49610,50060,50775,50848,50935,51020,51119,51314,51406,51579,51741,51836,52005,52248,52541,52950,53364,53824,54242,54483,54913,55348,55758,56180,56590,57047,57501,57917,58383,58565,58633,58977,59057,59413,59563,59707,59791,60156,60254,60362,60460,60570,60686,60812,60908,61285,61395,61519,61657,61767,61889,62017,62155,62317,62533,62689,62893,62977,63081,63175,63289,63401,63525,63621,63701,63890,64096,64289,64499,64931,65352,65777,65974,66922,67443,67566,68203,68424,69239,69708,69891,70487,70947,71052,72313,72463,72880,73045,73725,73884,74046,74201,74397,74564,74786,74946,75323,75482,75810,76027,76602,76952,77201,77298,78004,78442,78683,78872,79006,79197,79834,80084,80387,80602,3338,3636,3892,4389,4823,5480,5823,7362,7710,9607,9929,10060,10766,10903,11055,11257,11962,12082,13231,13798,13927,14060,14220,14395,14537,16324,18162",
                        "endLines": "2,3,4,5,6,7,8,9,10,11,12,13,14,15,16,17,18,19,20,21,22,23,24,25,26,27,28,29,30,31,32,33,34,35,36,37,38,39,40,41,42,43,44,45,46,47,48,49,50,51,52,53,54,218,219,220,221,222,223,224,225,226,227,228,229,230,231,232,233,234,235,236,237,238,239,240,241,242,243,244,245,246,247,248,249,250,251,252,253,254,255,256,257,258,259,260,261,262,263,264,265,266,267,268,269,270,271,272,273,274,275,276,277,278,279,280,281,282,283,284,285,286,287,288,289,290,291,292,293,294,295,296,297,298,299,300,301,302,303,304,305,306,307,308,309,310,311,312,313,314,315,316,317,318,319,320,321,322,323,324,325,326,327,328,329,330,331,332,333,334,335,336,337,338,339,340,344,345,346,351,352,356,362,366,367,368,369,380,381,382,386,392,396,397,398,399,429,449,495,525,545,565,611,615,619,633,674,682,692,693,694,695,696,699,700,703,706,707,710,714,719,727,735,744,752,756,764,772,780,788,796,805,814,822,831,834,836,841,843,848,852,856,857,862,863,864,865,866,867,869,870,875,876,877,878,879,880,881,883,887,891,895,899,900,901,902,903,904,905,906,907,910,914,917,921,929,936,945,949,964,972,975,984,989,1000,1008,1011,1020,1027,1028,1047,1050,1056,1059,1068,1071,1074,1077,1080,1083,1087,1090,1099,1102,1110,1115,1123,1128,1132,1133,1144,1151,1155,1159,1160,1164,1172,1176,1181,1186,1195,55,56,75,81,91,95,96,97,140,148,149,157,158,159,160,166,167,168,169,170,171,172,173,174,197,216,217",
                        "endColumns": "55,59,60,54,52,57,47,48,44,52,57,59,57,45,59,52,45,49,46,57,57,58,59,61,61,61,61,61,61,60,61,61,52,61,73,62,67,80,63,65,69,69,69,69,66,62,64,65,52,75,65,86,75,53,78,77,72,64,62,65,70,70,61,68,65,66,66,55,50,52,51,53,70,62,58,61,58,72,66,59,62,74,71,70,55,70,56,56,65,63,70,56,52,62,51,57,66,65,65,80,74,55,52,60,57,49,48,48,48,61,51,44,80,53,52,53,50,48,50,60,60,61,49,40,49,47,61,50,48,68,60,55,70,64,68,50,62,69,68,69,61,69,69,74,58,57,61,44,42,46,44,50,47,65,61,62,71,56,56,59,57,69,56,144,120,103,86,151,151,147,80,77,300,165,154,101,10,92,106,10,106,10,10,10,99,104,118,10,146,118,10,10,10,111,120,132,10,10,10,10,10,10,10,10,10,10,10,10,10,72,86,84,98,10,91,10,10,94,10,10,10,10,10,10,10,10,10,10,10,10,10,10,10,10,10,10,10,10,10,10,10,10,83,10,97,107,97,109,115,10,95,10,109,123,137,109,121,127,10,10,10,10,10,83,103,93,113,111,123,95,79,10,10,10,10,10,10,10,10,10,10,10,10,10,10,10,10,10,10,104,10,10,10,10,10,10,10,10,10,10,10,10,10,10,10,10,10,10,10,96,10,10,10,10,133,10,10,10,10,10,10,297,255,90,243,367,188,1538,347,95,94,130,412,136,151,201,220,119,1148,566,128,132,159,174,141,125,457,209",
                        "endOffsets": "151,211,272,327,380,438,486,535,580,633,691,751,809,855,915,968,1014,1064,1111,1169,1227,1286,1346,1408,1470,1532,1594,1656,1718,1779,1841,1903,1956,2018,2092,2155,2223,2304,2368,2434,2504,2574,2644,2714,2781,2844,2909,2975,3028,3104,3170,3257,3333,18421,18500,18578,18651,18716,18779,18845,18916,18987,19049,19118,19184,19251,19318,19374,19425,19478,19530,19584,19655,19718,19777,19839,19898,19971,20038,20098,20161,20236,20308,20379,20435,20506,20563,20620,20686,20750,20821,20878,20931,20994,21046,21104,21171,21237,21303,21384,21459,21515,21568,21629,21687,21737,21786,21835,21884,21946,21998,22043,22124,22178,22231,22285,22336,22385,22436,22497,22558,22620,22670,22711,22761,22809,22871,22922,22971,23040,23101,23157,23228,23293,23362,23413,23476,23546,23615,23685,23747,23817,23887,23962,24021,24079,24141,24186,24229,24276,24321,24372,24420,24486,24548,24611,24683,24740,24797,24857,24915,24985,25042,25187,25308,25412,25499,25651,25803,25951,26032,26110,26411,26577,26732,26834,27111,27204,27311,27654,27761,27990,28399,28631,28731,28836,28955,29578,29725,29844,30079,30494,30732,30844,30965,31098,33236,34752,38043,40177,41705,43249,46536,46782,47041,47845,49605,50055,50770,50843,50930,51015,51114,51309,51401,51574,51736,51831,52000,52243,52536,52945,53359,53819,54237,54478,54908,55343,55753,56175,56585,57042,57496,57912,58378,58560,58628,58972,59052,59408,59558,59702,59786,60151,60249,60357,60455,60565,60681,60807,60903,61280,61390,61514,61652,61762,61884,62012,62150,62312,62528,62684,62888,62972,63076,63170,63284,63396,63520,63616,63696,63885,64091,64284,64494,64926,65347,65772,65969,66917,67438,67561,68198,68419,69234,69703,69886,70482,70942,71047,72308,72458,72875,73040,73720,73879,74041,74196,74392,74559,74781,74941,75318,75477,75805,76022,76597,76947,77196,77293,77999,78437,78678,78867,79001,79192,79829,80079,80382,80597,81178,3631,3887,4384,4818,5475,5818,7357,7705,9602,9924,10055,10761,10898,11050,11252,11957,12077,13226,13793,13922,14055,14215,14390,14532,16319,18157,18367"
                    },
                    "to": {
                        "startLines": "11,12,13,14,17,18,19,20,30,32,142,143,144,145,146,147,148,149,150,151,152,153,154,155,156,157,158,159,160,161,162,163,164,169,208,209,210,211,212,213,214,215,216,217,218,242,243,244,245,246,247,248,249,359,360,361,362,363,364,365,366,367,368,369,370,371,372,373,374,375,376,377,378,379,380,381,382,383,384,385,386,387,388,389,390,391,392,393,394,395,396,397,398,399,400,401,402,418,419,420,421,422,423,424,425,426,427,428,429,430,431,432,433,434,435,436,437,438,439,440,441,442,443,444,445,446,447,448,449,450,451,452,453,454,455,456,457,458,459,460,461,462,463,464,465,500,501,508,509,516,517,518,526,529,530,533,534,536,537,538,539,540,541,583,584,585,586,606,607,615,616,617,618,619,620,621,630,900,901,902,907,908,912,918,922,923,924,925,936,937,938,942,948,952,1022,1023,1024,1054,1074,1120,1150,1170,1190,1236,1240,1982,1996,2037,2045,2180,2181,2182,2183,2332,2335,2336,2339,2342,2343,2346,2350,2355,2363,2371,2380,2388,2392,2400,2408,2416,2424,2432,2441,2450,2458,2467,2505,2507,2512,2514,2519,2523,2527,2528,2533,2534,2535,2536,2537,2538,2540,2541,2546,2547,2548,2549,2550,2551,2552,2554,2558,2562,2566,2577,2578,2579,2580,2581,2582,2583,2584,2585,2588,2592,2595,2695,2703,2710,2719,2723,2738,2746,2749,2758,2763,2774,2782,2785,2794,2801,2802,2821,2824,2830,2833,2842,2845,2848,2851,2854,2857,2861,2864,2873,2876,2884,2889,2897,2902,2906,2907,2918,2925,2929,2933,2934,2938,2946,2950,2955,2960,3144,3145,3146,3649,3655,3665,3702,3703,3704,3747,3890,3909,3917,3918,3994,4101,4107,4108,4293,4338,4339,4396,4397,4508,4509,4547,4566",
                        "startColumns": "4,4,4,4,4,4,4,4,4,4,4,4,4,4,4,4,4,4,4,4,4,4,4,4,4,4,4,4,4,4,4,4,4,4,4,4,4,4,4,4,4,4,4,4,4,4,4,4,4,4,4,4,4,4,4,4,4,4,4,4,4,4,4,4,4,4,4,4,4,4,4,4,4,4,4,4,4,4,4,4,4,4,4,4,4,4,4,4,4,4,4,4,4,4,4,4,4,4,4,4,4,4,4,4,4,4,4,4,4,4,4,4,4,4,4,4,4,4,4,4,4,4,4,4,4,4,4,4,4,4,4,4,4,4,4,4,4,4,4,4,4,4,4,4,4,4,4,4,4,4,4,4,4,4,4,4,4,4,4,4,4,4,4,4,4,4,4,4,4,4,4,4,4,4,4,4,4,4,4,4,4,4,4,4,4,4,4,4,4,4,4,4,4,4,4,4,4,4,4,4,4,4,4,4,4,4,4,4,4,4,4,4,4,4,4,4,4,4,4,4,4,4,4,4,4,4,4,4,4,4,4,4,4,4,4,4,4,4,4,4,4,4,4,4,4,4,4,4,4,4,4,4,4,4,4,4,4,4,4,4,4,4,4,4,4,4,4,4,4,4,4,4,4,4,4,4,4,4,4,4,4,4,4,4,4,4,4,4,4,4,4,4,4,4,4,4,4,4,4,4,4,4,4,4,4,4,4,4,4,4,4,4,4,4,4,4,4,4,4,4,4,4,4,4,4,4,4,4,4,4,4,4,4,4,4,4,4,4,4,4,4,4,4,4,4,4,4,4",
                        "startOffsets": "502,558,618,679,834,887,945,993,1444,1534,6714,6772,6832,6890,6936,6996,7049,7095,7145,7192,7250,7308,7367,7427,7489,7551,7613,7675,7737,7799,7860,7922,7984,8254,11001,11075,11138,11206,11287,11351,11417,11487,11557,11627,11697,13163,13226,13291,13357,13410,13486,13552,13639,21169,21223,21302,21380,21453,21518,21581,21647,21718,21789,21851,21920,21986,22053,22120,22176,22227,22280,22332,22386,22457,22520,22579,22641,22700,22773,22840,22900,22963,23038,23110,23181,23237,23308,23365,23422,23488,23552,23623,23680,23733,23796,23848,23906,25143,25209,25275,25356,25431,25487,25540,25601,25659,25709,25758,25807,25856,25918,25970,26015,26096,26150,26203,26257,26308,26357,26408,26469,26530,26592,26642,26683,26733,26781,26843,26894,26943,27012,27073,27129,27200,27265,27334,27385,27448,27518,27587,27657,27719,27789,27859,27934,29987,30045,30393,30438,30764,30811,30856,31240,31414,31480,31659,31722,31862,31919,31976,32036,32094,32164,35101,35246,35367,35471,38035,38187,39037,39185,39266,39344,39645,39811,39966,40706,58328,58421,58528,58871,58978,59207,59616,59848,59948,60053,60172,60795,60942,61061,61296,61711,61949,67220,67341,67474,69612,71128,74419,76553,78081,79625,82912,83158,129571,130375,132135,132585,142449,142522,142609,142694,154299,154494,154586,154759,154921,155016,155185,155428,155721,156130,156544,157004,157422,157663,158093,158528,158938,159360,159770,160227,160681,161097,161563,164329,164397,164741,164821,165177,165327,165471,165555,165920,166018,166126,166224,166334,166450,166576,166672,167049,167159,167283,167421,167531,167653,167781,167919,168081,168297,168453,169329,169413,169517,169611,169725,169837,169961,170057,170137,170326,170532,170725,178644,179076,179497,179922,180119,181067,181588,181711,182348,182569,183384,183853,184036,184632,185092,185197,186458,186608,187025,187190,187870,188029,188191,188346,188542,188709,188931,189091,189468,189627,189955,190172,190747,191097,191346,191443,192149,192587,192828,193017,193151,193342,193979,194229,194532,194747,205535,205833,206089,231931,232365,233022,235448,236987,237335,239232,253035,254199,254905,255042,260165,265558,266263,266383,276278,279169,279298,281898,282058,288635,288777,291165,293003",
                        "endLines": "11,12,13,14,17,18,19,20,30,32,142,143,144,145,146,147,148,149,150,151,152,153,154,155,156,157,158,159,160,161,162,163,164,169,208,209,210,211,212,213,214,215,216,217,218,242,243,244,245,246,247,248,249,359,360,361,362,363,364,365,366,367,368,369,370,371,372,373,374,375,376,377,378,379,380,381,382,383,384,385,386,387,388,389,390,391,392,393,394,395,396,397,398,399,400,401,402,418,419,420,421,422,423,424,425,426,427,428,429,430,431,432,433,434,435,436,437,438,439,440,441,442,443,444,445,446,447,448,449,450,451,452,453,454,455,456,457,458,459,460,461,462,463,464,465,500,501,508,509,516,517,518,526,529,530,533,534,536,537,538,539,540,541,583,584,585,586,606,607,615,616,617,618,619,620,621,633,900,901,906,907,911,917,921,922,923,924,935,936,937,941,947,951,952,1022,1023,1053,1073,1119,1149,1169,1189,1235,1239,1243,1995,2036,2044,2054,2180,2181,2182,2183,2334,2335,2338,2341,2342,2345,2349,2354,2362,2370,2379,2387,2391,2399,2407,2415,2423,2431,2440,2449,2457,2466,2469,2506,2511,2513,2518,2522,2526,2527,2532,2533,2534,2535,2536,2537,2539,2540,2545,2546,2547,2548,2549,2550,2551,2553,2557,2561,2565,2569,2577,2578,2579,2580,2581,2582,2583,2584,2587,2591,2594,2598,2702,2709,2718,2722,2737,2745,2748,2757,2762,2773,2781,2784,2793,2800,2801,2820,2823,2829,2832,2841,2844,2847,2850,2853,2856,2860,2863,2872,2875,2883,2888,2896,2901,2905,2906,2917,2924,2928,2932,2933,2937,2945,2949,2954,2959,2968,3144,3145,3164,3654,3664,3668,3702,3703,3746,3754,3890,3916,3917,3918,3994,4106,4107,4108,4293,4338,4339,4396,4397,4508,4531,4565,4566",
                        "endColumns": "55,59,60,54,52,57,47,48,44,52,57,59,57,45,59,52,45,49,46,57,57,58,59,61,61,61,61,61,61,60,61,61,52,61,73,62,67,80,63,65,69,69,69,69,66,62,64,65,52,75,65,86,75,53,78,77,72,64,62,65,70,70,61,68,65,66,66,55,50,52,51,53,70,62,58,61,58,72,66,59,62,74,71,70,55,70,56,56,65,63,70,56,52,62,51,57,66,65,65,80,74,55,52,60,57,49,48,48,48,61,51,44,80,53,52,53,50,48,50,60,60,61,49,40,49,47,61,50,48,68,60,55,70,64,68,50,62,69,68,69,61,69,69,74,58,57,61,44,42,46,44,50,47,65,61,62,71,56,56,59,57,69,56,144,120,103,86,151,151,147,80,77,300,165,154,101,10,92,106,10,106,10,10,10,99,104,118,10,146,118,10,10,10,111,120,132,10,10,10,10,10,10,10,10,10,10,10,10,10,72,86,84,98,10,91,10,10,94,10,10,10,10,10,10,10,10,10,10,10,10,10,10,10,10,10,10,10,10,10,10,10,10,83,10,97,107,97,109,115,10,95,10,109,123,137,109,121,127,10,10,10,10,10,83,103,93,113,111,123,95,79,10,10,10,10,10,10,10,10,10,10,10,10,10,10,10,10,10,10,104,10,10,10,10,10,10,10,10,10,10,10,10,10,10,10,10,10,10,10,96,10,10,10,10,133,10,10,10,10,10,10,297,255,90,243,367,188,1538,347,95,94,130,412,136,151,201,220,119,1148,566,128,132,159,174,141,125,457,209",
                        "endOffsets": "553,613,674,729,882,940,988,1037,1484,1582,6767,6827,6885,6931,6991,7044,7090,7140,7187,7245,7303,7362,7422,7484,7546,7608,7670,7732,7794,7855,7917,7979,8032,8311,11070,11133,11201,11282,11346,11412,11482,11552,11622,11692,11759,13221,13286,13352,13405,13481,13547,13634,13710,21218,21297,21375,21448,21513,21576,21642,21713,21784,21846,21915,21981,22048,22115,22171,22222,22275,22327,22381,22452,22515,22574,22636,22695,22768,22835,22895,22958,23033,23105,23176,23232,23303,23360,23417,23483,23547,23618,23675,23728,23791,23843,23901,23968,25204,25270,25351,25426,25482,25535,25596,25654,25704,25753,25802,25851,25913,25965,26010,26091,26145,26198,26252,26303,26352,26403,26464,26525,26587,26637,26678,26728,26776,26838,26889,26938,27007,27068,27124,27195,27260,27329,27380,27443,27513,27582,27652,27714,27784,27854,27929,27988,30040,30102,30433,30476,30806,30851,30902,31283,31475,31537,31717,31789,31914,31971,32031,32089,32159,32216,35241,35362,35466,35553,38182,38334,39180,39261,39339,39640,39806,39961,40063,40978,58416,58523,58866,58973,59202,59611,59843,59943,60048,60167,60790,60937,61056,61291,61706,61944,62056,67336,67469,69607,71123,74414,76548,78076,79620,82907,83153,83412,130370,132130,132580,133295,142517,142604,142689,142788,154489,154581,154754,154916,155011,155180,155423,155716,156125,156539,156999,157417,157658,158088,158523,158933,159355,159765,160222,160676,161092,161558,161740,164392,164736,164816,165172,165322,165466,165550,165915,166013,166121,166219,166329,166445,166571,166667,167044,167154,167278,167416,167526,167648,167776,167914,168076,168292,168448,168652,169408,169512,169606,169720,169832,169956,170052,170132,170321,170527,170720,170930,179071,179492,179917,180114,181062,181583,181706,182343,182564,183379,183848,184031,184627,185087,185192,186453,186603,187020,187185,187865,188024,188186,188341,188537,188704,188926,189086,189463,189622,189950,190167,190742,191092,191341,191438,192144,192582,192823,193012,193146,193337,193974,194224,194527,194742,195323,205828,206084,206581,232360,233017,233360,236982,237330,239227,239549,253161,254900,255037,255189,260362,266258,266378,267527,276840,279293,279426,282053,282228,288772,290559,292998,293208"
                    }
                },
                {
                    "source": "C:\\Users\\cossa\\.gradle\\caches\\transforms-2\\files-2.1\\122f7e0068abbdd517605c9b7ef383c3\\res\\values\\values.xml",
                    "from": {
                        "startLines": "2,3,132,133,134,135,136,137,138,139,140,141,142,143,144,145,146,147,148,149,150,151,152,153,154,155,156,157,158,159,160,161,162,163,164,165,166,167,171,172,176,177,178,6,13,56,88,125",
                        "startColumns": "4,4,4,4,4,4,4,4,4,4,4,4,4,4,4,4,4,4,4,4,4,4,4,4,4,4,4,4,4,4,4,4,4,4,4,4,4,4,4,4,4,4,4,4,4,4,4,4",
                        "startOffsets": "55,124,7725,7795,7863,7935,8005,8066,8140,8213,8274,8335,8397,8461,8523,8584,8652,8752,8812,8878,8951,9020,9077,9129,9191,9263,9339,9374,9409,9459,9520,9577,9611,9646,9681,9751,9822,9939,10140,10250,10451,10580,10652,319,617,3523,5588,7348",
                        "endLines": "2,3,132,133,134,135,136,137,138,139,140,141,142,143,144,145,146,147,148,149,150,151,152,153,154,155,156,157,158,159,160,161,162,163,164,165,166,170,171,175,176,177,178,12,55,87,124,131",
                        "endColumns": "68,62,69,67,71,69,60,73,72,60,60,61,63,61,60,67,99,59,65,72,68,56,51,61,71,75,34,34,49,60,56,33,34,34,69,70,116,12,109,12,128,71,66,24,24,24,24,24",
                        "endOffsets": "119,182,7790,7858,7930,8000,8061,8135,8208,8269,8330,8392,8456,8518,8579,8647,8747,8807,8873,8946,9015,9072,9124,9186,9258,9334,9369,9404,9454,9515,9572,9606,9641,9676,9746,9817,9934,10135,10245,10446,10575,10647,10714,612,3518,5583,7343,7720"
                    },
                    "to": {
                        "startLines": "251,252,352,353,354,355,356,357,358,466,467,468,469,470,471,472,473,474,475,476,477,478,479,480,489,490,498,499,511,512,513,514,515,519,542,624,2316,2317,2322,2325,2330,2693,2694,3755,3919,3962,3995,4032",
                        "startColumns": "4,4,4,4,4,4,4,4,4,4,4,4,4,4,4,4,4,4,4,4,4,4,4,4,4,4,4,4,4,4,4,4,4,4,4,4,4,4,4,4,4,4,4,4,4,4,4,4",
                        "startOffsets": "13767,13836,20681,20751,20819,20891,20961,21022,21096,27993,28054,28115,28177,28241,28303,28364,28432,28532,28592,28658,28731,28800,28857,28909,29424,29496,29917,29952,30527,30577,30638,30695,30729,30907,32221,40193,153159,153276,153543,153836,154103,178505,178577,239554,255194,258100,260367,262127",
                        "endLines": "251,252,352,353,354,355,356,357,358,466,467,468,469,470,471,472,473,474,475,476,477,478,479,480,489,490,498,499,511,512,513,514,515,519,542,624,2316,2320,2322,2328,2330,2693,2694,3761,3961,3993,4031,4038",
                        "endColumns": "68,62,69,67,71,69,60,73,72,60,60,61,63,61,60,67,99,59,65,72,68,56,51,61,71,75,34,34,49,60,56,33,34,34,69,70,116,12,109,12,128,71,66,24,24,24,24,24",
                        "endOffsets": "13831,13894,20746,20814,20886,20956,21017,21091,21164,28049,28110,28172,28236,28298,28359,28427,28527,28587,28653,28726,28795,28852,28904,28966,29491,29567,29947,29982,30572,30633,30690,30724,30759,30937,32286,40259,153271,153472,153648,154032,154227,178572,178639,239847,258095,260160,262122,262499"
                    }
                },
                {
                    "source": "C:\\Users\\cossa\\.gradle\\caches\\transforms-2\\files-2.1\\9835d819600f6ff6d48852c20cfa5bb6\\res\\values\\values.xml",
                    "from": {
                        "startLines": "30,31,32,33,34,35,36,2",
                        "startColumns": "4,4,4,4,4,4,4,4",
                        "startOffsets": "1535,1594,1642,1698,1773,1849,1921,55",
                        "endLines": "30,31,32,33,34,35,36,29",
                        "endColumns": "58,47,55,74,75,71,65,24",
                        "endOffsets": "1589,1637,1693,1768,1844,1916,1982,1530"
                    },
                    "to": {
                        "startLines": "405,406,407,415,416,417,497,4310",
                        "startColumns": "4,4,4,4,4,4,4,4",
                        "startOffsets": "24146,24205,24253,24920,24995,25071,29851,277689",
                        "endLines": "405,406,407,415,416,417,497,4337",
                        "endColumns": "58,47,55,74,75,71,65,24",
                        "endOffsets": "24200,24248,24304,24990,25066,25138,29912,279164"
                    }
                },
                {
                    "source": "C:\\Users\\cossa\\.gradle\\caches\\transforms-2\\files-2.1\\f066e076d5de11f02e90cf6df676f370\\res\\values\\values.xml",
                    "from": {
                        "startLines": "2,3,4,5,6,35,36,37,38,45,47,50,7",
                        "startColumns": "4,4,4,4,4,4,4,4,4,4,4,4,4",
                        "startOffsets": "55,107,168,230,292,2179,2238,2295,2349,2763,2827,2953,356",
                        "endLines": "2,3,4,5,6,35,36,37,44,46,49,52,34",
                        "endColumns": "51,60,61,61,63,58,56,53,12,12,12,12,24",
                        "endOffsets": "102,163,225,287,351,2233,2290,2344,2758,2822,2948,3076,2174"
                    },
                    "to": {
                        "startLines": "15,191,192,193,194,349,350,351,661,2055,2057,2060,3674",
                        "startColumns": "4,4,4,4,4,4,4,4,4,4,4,4,4",
                        "startOffsets": "734,9850,9911,9973,10035,20511,20570,20627,42751,133300,133364,133490,233625",
                        "endLines": "15,191,192,193,194,349,350,351,667,2056,2059,2062,3701",
                        "endColumns": "51,60,61,61,63,58,56,53,12,12,12,12,24",
                        "endOffsets": "781,9906,9968,10030,10094,20565,20622,20676,43160,133359,133485,133613,235443"
                    }
                },
                {
                    "source": "C:\\Users\\cossa\\.gradle\\caches\\transforms-2\\files-2.1\\f8177bfa482e70af7a718d0de09642e2\\res\\values\\values.xml",
                    "from": {
                        "startLines": "4,5,6,7,8,9,10,11,14,15,16,17,18,19,20,21,22,23,24,25,26,27,28,29,30,33,46",
                        "startColumns": "0,0,0,0,0,0,0,0,0,0,0,0,0,0,0,0,0,0,0,0,0,0,0,0,0,0,0",
                        "startOffsets": "215,301,377,463,549,625,702,778,951,1052,1233,1354,1457,1637,1756,1868,1967,2155,2256,2437,2558,2733,2877,2936,2994,3164,3475",
                        "endLines": "4,5,6,7,8,9,10,11,14,15,16,17,18,19,20,21,22,23,24,25,26,27,28,29,30,45,64",
                        "endColumns": "85,75,85,85,75,76,75,75,100,180,120,102,179,118,111,98,187,100,180,120,174,143,58,57,74,20,20",
                        "endOffsets": "300,376,462,548,624,701,777,853,1051,1232,1353,1456,1636,1755,1867,1966,2154,2255,2436,2557,2732,2876,2935,2993,3068,3474,3887"
                    },
                    "to": {
                        "startLines": "200,201,202,203,204,205,206,207,587,588,589,590,591,592,593,594,596,597,598,599,600,601,602,603,604,4088,4377",
                        "startColumns": "4,4,4,4,4,4,4,4,4,4,4,4,4,4,4,4,4,4,4,4,4,4,4,4,4,4,4",
                        "startOffsets": "10330,10420,10500,10590,10680,10760,10841,10921,35558,35663,35844,35969,36076,36256,36379,36495,36765,36953,37058,37239,37364,37539,37687,37750,37812,265243,281481",
                        "endLines": "200,201,202,203,204,205,206,207,587,588,589,590,591,592,593,594,596,597,598,599,600,601,602,603,604,4100,4395",
                        "endColumns": "89,79,89,89,79,80,79,79,104,180,124,106,179,122,115,102,187,104,180,124,174,147,62,61,78,20,20",
                        "endOffsets": "10415,10495,10585,10675,10755,10836,10916,10996,35658,35839,35964,36071,36251,36374,36490,36593,36948,37053,37234,37359,37534,37682,37745,37807,37886,265553,281893"
                    }
                },
                {
                    "source": "C:\\Users\\cossa\\.gradle\\caches\\transforms-2\\files-2.1\\0034ac87bcad9dcc3cd4c9cca42d3786\\res\\values\\values.xml",
                    "from": {
                        "startLines": "2,3,4,5,6,7,8,9,10,11,12,13,14,15,16,17,18,19,20,21,22,23,24,25,26,27,28,29,30,31,32,33,34,35,36,37,38,39,40,41,42,43,44,45,46,47,48,49,50,51,52,53,54,55,56,57,58,59,60,61,62,63,64,65,66,67,68,1303,1304,1305,1306,1307,1308,1309,1310,1311,1312,1313,1314,1315,1316,1317,1318,1319,1320,1321,1322,1323,1324,1325,1326,1327,1328,1329,1330,1331,1332,1333,1334,1335,1336,1337,1338,1339,1340,1341,1342,1343,1344,1345,1346,1347,1348,1349,1350,1351,1352,1353,1354,1355,1356,1357,1358,1359,1360,1361,1362,1363,1364,1365,1366,1367,1368,1369,1370,1371,1372,1373,1374,1375,1376,1377,1378,1379,1380,1381,1382,1383,1384,1385,1386,1387,1388,1389,1390,1391,1392,1393,1394,1395,1396,1397,1398,1399,1400,1401,1402,1403,1404,1405,1406,1407,1408,1409,1410,1411,1412,1413,1414,1415,1416,1417,1418,1419,1420,1421,1422,1423,1424,1425,1426,1427,1428,1429,1430,1431,1432,1433,1434,1435,1436,1437,1438,1439,1440,1441,1442,1443,1444,1445,1446,1447,1448,1449,1450,1451,1452,1453,1461,1462,1466,1470,1474,1479,1485,1492,1496,1500,1505,1509,1513,1517,1521,1525,1529,1535,1539,1545,1549,1555,1559,1564,1568,1571,1575,1581,1585,1591,1595,1601,1604,1608,1612,1616,1620,1624,1625,1626,1627,1630,1633,1636,1639,1643,1644,1645,1646,1647,1650,1652,1654,1656,1661,1662,1666,1672,1676,1677,1679,1690,1691,1695,1701,1705,1706,1707,1711,1738,1742,1743,1747,1775,1943,1969,2138,2164,2195,2203,2209,2223,2245,2250,2255,2265,2274,2283,2287,2294,2302,2309,2310,2319,2322,2325,2329,2333,2337,2340,2341,2345,2349,2359,2364,2371,2377,2378,2381,2385,2390,2392,2394,2397,2400,2402,2406,2409,2416,2419,2422,2426,2428,2432,2434,2436,2438,2442,2450,2458,2470,2476,2485,2488,2499,2502,2507,2508,2513,2571,2630,2631,2641,2650,2651,2653,2657,2660,2663,2666,2669,2672,2675,2678,2682,2685,2688,2691,2695,2698,2702,2706,2707,2708,2709,2710,2711,2712,2713,2714,2715,2716,2717,2718,2719,2720,2721,2722,2723,2724,2725,2726,2728,2730,2731,2732,2733,2734,2735,2736,2737,2739,2740,2742,2743,2745,2747,2748,2750,2751,2752,2753,2754,2755,2757,2758,2759,2760,2761,2762,2764,2766,2768,2769,2770,2771,2772,2773,2774,2775,2776,2777,2778,2779,2780,2782,2783,2784,2785,2786,2787,2789,2793,2797,2798,2799,2800,2801,2802,2803,2804,2806,2808,2810,2812,2814,2815,2816,2817,2819,2821,2823,2824,2825,2826,2827,2828,2829,2830,2831,2832,2833,2834,2837,2838,2839,2840,2842,2844,2845,2847,2848,2850,2852,2854,2855,2856,2857,2858,2859,2860,2861,2862,2863,2864,2865,2867,2868,2869,2870,2872,2873,2874,2875,2876,2878,2880,2882,2884,2885,2886,2887,2888,2889,2890,2891,2892,2893,2894,2895,2896,2897,69,152,155,158,161,175,186,196,223,230,241,271,298,307,344,725,730,756,774,810,816,822,845,986,1006,1012,1016,1022,1059,1071,1098,1103,1169,1184,1249,1268,1294",
                        "startColumns": "4,4,4,4,4,4,4,4,4,4,4,4,4,4,4,4,4,4,4,4,4,4,4,4,4,4,4,4,4,4,4,4,4,4,4,4,4,4,4,4,4,4,4,4,4,4,4,4,4,4,4,4,4,4,4,4,4,4,4,4,4,4,4,4,4,4,4,4,4,4,4,4,4,4,4,4,4,4,4,4,4,4,4,4,4,4,4,4,4,4,4,4,4,4,4,4,4,4,4,4,4,4,4,4,4,4,4,4,4,4,4,4,4,4,4,4,4,4,4,4,4,4,4,4,4,4,4,4,4,4,4,4,4,4,4,4,4,4,4,4,4,4,4,4,4,4,4,4,4,4,4,4,4,4,4,4,4,4,4,4,4,4,4,4,4,4,4,4,4,4,4,4,4,4,4,4,4,4,4,4,4,4,4,4,4,4,4,4,4,4,4,4,4,4,4,4,4,4,4,4,4,4,4,4,4,4,4,4,4,4,4,4,4,4,4,4,4,4,4,4,4,4,4,4,4,4,4,4,4,4,4,4,4,4,4,4,4,4,4,4,4,4,4,4,4,4,4,4,4,4,4,4,4,4,4,4,4,4,4,4,4,4,4,4,4,4,4,4,4,4,4,4,4,4,4,4,4,4,4,4,4,4,4,4,4,4,4,4,4,4,4,4,4,4,4,4,4,4,4,4,4,4,4,4,4,4,4,4,4,4,4,4,4,4,4,4,4,4,4,4,4,4,4,4,4,4,4,4,4,4,4,4,4,4,4,4,4,4,4,4,4,4,4,4,4,4,4,4,4,4,4,4,4,4,4,4,4,4,4,4,4,4,4,4,4,4,4,4,4,4,4,4,4,4,4,4,4,4,4,4,4,4,4,4,4,4,4,4,4,4,4,4,4,4,4,4,4,4,4,4,4,4,4,4,4,4,4,4,4,4,4,4,4,4,4,4,4,4,4,4,4,4,4,4,4,4,4,4,4,4,4,4,4,4,4,4,4,4,4,4,4,4,4,4,4,4,4,4,4,4,4,4,4,4,4,4,4,4,4,4,4,4,4,4,4,4,4,4,4,4,4,4,4,4,4,4,4,4,4,4,4,4,4,4,4,4,4,4,4,4,4,4,4,4,4,4,4,4,4,4,4,4,4,4,4,4,4,4,4,4,4,4,4,4,4,4,4,4,4,4,4,4,4,4,4,4,4,4,4,4,4,4,4,4,4,4,4,4,4,4,4,4,4,4,4,4,4,4,4,4,4,4,4,4,4,4,4,4,4,4,4,4,4,4,4,4,4",
                        "startOffsets": "105,160,205,254,295,350,409,471,552,613,688,764,841,919,1004,1086,1162,1238,1315,1393,1499,1605,1684,1764,1821,1879,1953,2028,2093,2159,2219,2280,2352,2425,2492,2560,2619,2678,2737,2796,2855,2909,2963,3016,3070,3124,3178,3232,3306,3385,3458,3532,3603,3675,3747,3820,3877,3935,4008,4082,4156,4231,4303,4376,4446,4517,4577,70911,70980,71049,71119,71193,71269,71333,71410,71486,71563,71628,71697,71774,71849,71918,71986,72063,72129,72190,72287,72352,72421,72520,72591,72650,72708,72765,72824,72888,72959,73031,73103,73175,73247,73314,73382,73450,73509,73572,73636,73726,73817,73877,73943,74010,74076,74146,74210,74263,74376,74434,74497,74562,74627,74702,74775,74847,74896,74957,75018,75079,75141,75205,75269,75333,75398,75461,75521,75582,75648,75707,75767,75829,75900,75960,76028,76114,76201,76291,76378,76466,76548,76631,76721,76812,76864,76922,76967,77033,77097,77154,77211,77265,77322,77370,77419,77470,77504,77551,77600,77646,77678,77742,77804,77864,77921,77995,78065,78143,78197,78267,78352,78400,78446,78517,78595,78673,78745,78819,78893,78967,79047,79120,79189,79261,79338,79399,79462,79528,79592,79663,79726,79791,79855,79916,79977,80029,80102,80176,80245,80320,80394,80468,80609,80679,80732,80810,80900,80988,81084,81174,81756,81845,82092,82373,82625,82910,83303,83780,84002,84224,84500,84727,84957,85187,85417,85647,85874,86293,86519,86944,87174,87602,87821,88104,88312,88443,88670,89096,89321,89748,89969,90394,90514,90790,91091,91415,91706,92020,92157,92288,92393,92635,92802,93006,93214,93485,93597,93709,93814,93931,94145,94291,94431,94517,94865,94953,95199,95617,95866,95948,96046,96663,96763,97015,97439,97694,97788,97877,98114,100166,100408,100510,100763,102947,113668,115184,126004,127532,129289,129915,130335,131396,132661,132917,133153,133700,134194,134799,134997,135577,136141,136516,136634,137172,137329,137525,137798,138054,138224,138365,138429,138711,138997,139673,139937,140275,140628,140722,140908,141214,141476,141601,141728,141967,142178,142297,142490,142667,143122,143303,143425,143684,143797,143984,144086,144193,144322,144597,145105,145601,146478,146772,147342,147491,148223,148395,148731,148823,149101,153445,157932,157994,158624,159238,159329,159442,159671,159831,159983,160154,160320,160489,160656,160819,161062,161232,161405,161576,161850,162049,162254,162584,162668,162764,162860,162958,163058,163160,163262,163364,163466,163568,163668,163764,163876,164005,164128,164259,164390,164488,164602,164696,164836,164970,165066,165178,165278,165394,165490,165602,165702,165842,165978,166142,166272,166430,166580,166721,166865,167000,167112,167262,167390,167518,167654,167786,167916,168046,168158,168298,168444,168588,168726,168792,168882,168958,169062,169152,169254,169362,169470,169570,169650,169742,169840,169950,170028,170134,170226,170330,170440,170562,170725,170882,170962,171062,171152,171262,171356,171462,171554,171654,171766,171880,171996,172112,172206,172320,172432,172534,172654,172776,172858,172962,173082,173208,173306,173400,173488,173600,173716,173838,173950,174125,174241,174327,174419,174531,174655,174722,174848,174916,175044,175188,175316,175385,175480,175595,175708,175807,175916,176027,176138,176239,176344,176444,176574,176665,176788,176882,176994,177080,177184,177280,177368,177486,177590,177694,177820,177908,178016,178116,178206,178316,178400,178502,178586,178640,178704,178810,178920,179004,4638,9782,9900,10015,10147,10862,11554,12071,13718,14103,14700,16299,17832,18220,20527,40045,40305,41697,42730,44743,45005,45361,46191,52973,54107,54401,54624,54951,57001,57649,59282,59552,63403,64004,67813,69028,70437",
                        "endLines": "2,3,4,5,6,7,8,9,10,11,12,13,14,15,16,17,18,19,20,21,22,23,24,25,26,27,28,29,30,31,32,33,34,35,36,37,38,39,40,41,42,43,44,45,46,47,48,49,50,51,52,53,54,55,56,57,58,59,60,61,62,63,64,65,66,67,68,1303,1304,1305,1306,1307,1308,1309,1310,1311,1312,1313,1314,1315,1316,1317,1318,1319,1320,1321,1322,1323,1324,1325,1326,1327,1328,1329,1330,1331,1332,1333,1334,1335,1336,1337,1338,1339,1340,1341,1342,1343,1344,1345,1346,1347,1348,1349,1350,1351,1352,1353,1354,1355,1356,1357,1358,1359,1360,1361,1362,1363,1364,1365,1366,1367,1368,1369,1370,1371,1372,1373,1374,1375,1376,1377,1378,1379,1380,1381,1382,1383,1384,1385,1386,1387,1388,1389,1390,1391,1392,1393,1394,1395,1396,1397,1398,1399,1400,1401,1402,1403,1404,1405,1406,1407,1408,1409,1410,1411,1412,1413,1414,1415,1416,1417,1418,1419,1420,1421,1422,1423,1424,1425,1426,1427,1428,1429,1430,1431,1432,1433,1434,1435,1436,1437,1438,1439,1440,1441,1442,1443,1444,1445,1446,1447,1448,1449,1450,1451,1452,1460,1461,1465,1469,1473,1478,1484,1491,1495,1499,1504,1508,1512,1516,1520,1524,1528,1534,1538,1544,1548,1554,1558,1563,1567,1570,1574,1580,1584,1590,1594,1600,1603,1607,1611,1615,1619,1623,1624,1625,1626,1629,1632,1635,1638,1642,1643,1644,1645,1646,1649,1651,1653,1655,1660,1661,1665,1671,1675,1676,1678,1689,1690,1694,1700,1704,1705,1706,1710,1737,1741,1742,1746,1774,1942,1968,2137,2163,2194,2202,2208,2222,2244,2249,2254,2264,2273,2282,2286,2293,2301,2308,2309,2318,2321,2324,2328,2332,2336,2339,2340,2344,2348,2358,2363,2370,2376,2377,2380,2384,2389,2391,2393,2396,2399,2401,2405,2408,2415,2418,2421,2425,2427,2431,2433,2435,2437,2441,2449,2457,2469,2475,2484,2487,2498,2501,2506,2507,2512,2570,2629,2630,2640,2649,2650,2652,2656,2659,2662,2665,2668,2671,2674,2677,2681,2684,2687,2690,2694,2697,2701,2705,2706,2707,2708,2709,2710,2711,2712,2713,2714,2715,2716,2717,2718,2719,2720,2721,2722,2723,2724,2725,2727,2729,2730,2731,2732,2733,2734,2735,2736,2738,2739,2741,2742,2744,2746,2747,2749,2750,2751,2752,2753,2754,2756,2757,2758,2759,2760,2761,2763,2765,2767,2768,2769,2770,2771,2772,2773,2774,2775,2776,2777,2778,2779,2781,2782,2783,2784,2785,2786,2788,2792,2796,2797,2798,2799,2800,2801,2802,2803,2805,2807,2809,2811,2813,2814,2815,2816,2818,2820,2822,2823,2824,2825,2826,2827,2828,2829,2830,2831,2832,2833,2836,2837,2838,2839,2841,2843,2844,2846,2847,2849,2851,2853,2854,2855,2856,2857,2858,2859,2860,2861,2862,2863,2864,2866,2867,2868,2869,2871,2872,2873,2874,2875,2877,2879,2881,2883,2884,2885,2886,2887,2888,2889,2890,2891,2892,2893,2894,2895,2896,2897,151,154,157,160,174,185,195,222,229,240,270,297,306,343,724,729,755,773,809,815,821,844,985,1005,1011,1015,1021,1058,1070,1097,1102,1168,1183,1248,1267,1293,1302",
                        "endColumns": "54,44,48,40,54,58,61,80,60,74,75,76,77,84,81,75,75,76,77,105,105,78,79,56,57,73,74,64,65,59,60,71,72,66,67,58,58,58,58,58,53,53,52,53,53,53,53,73,78,72,73,70,71,71,72,56,57,72,73,73,74,71,72,69,70,59,60,68,68,69,73,75,63,76,75,76,64,68,76,74,68,67,76,65,60,96,64,68,98,70,58,57,56,58,63,70,71,71,71,71,66,67,67,58,62,63,89,90,59,65,66,65,69,63,52,112,57,62,64,64,74,72,71,48,60,60,60,61,63,63,63,64,62,59,60,65,58,59,61,70,59,67,85,86,89,86,87,81,82,89,90,51,57,44,65,63,56,56,53,56,47,48,50,33,46,48,45,31,63,61,59,56,73,69,77,53,69,84,47,45,70,77,77,71,73,73,73,79,72,68,71,76,60,62,65,63,70,62,64,63,60,60,51,72,73,68,74,73,73,140,69,52,77,89,87,95,89,12,88,12,12,12,12,12,12,12,12,12,12,12,12,12,12,12,12,12,12,12,12,12,12,12,12,12,12,12,12,12,12,12,12,12,12,12,12,136,130,104,12,12,12,12,12,111,111,104,116,12,12,12,12,12,87,12,12,12,81,12,12,99,12,12,12,93,88,12,12,12,101,12,12,12,12,12,12,12,12,12,12,12,12,12,12,12,12,12,12,12,12,117,12,12,12,12,12,12,12,63,12,12,12,12,12,12,93,12,12,12,12,12,12,12,12,12,12,12,12,12,12,12,12,12,12,12,12,12,12,12,12,12,12,12,12,12,91,12,12,12,61,12,12,90,12,12,12,12,12,12,12,12,12,12,12,12,12,12,12,12,12,83,95,95,97,99,101,101,101,101,101,99,95,111,128,122,130,130,97,113,93,12,12,95,111,99,115,95,111,99,12,135,12,129,12,12,140,12,134,111,149,127,127,12,131,129,129,111,139,12,12,12,65,89,75,103,89,101,107,107,99,79,91,97,12,77,105,91,103,109,12,12,12,79,99,89,109,93,105,91,12,12,12,12,12,93,113,111,12,12,12,81,103,119,125,97,93,87,111,115,121,111,12,115,85,91,12,12,66,12,67,12,12,12,68,94,114,112,98,108,110,110,100,104,99,12,90,122,93,12,85,103,95,87,12,12,12,12,87,107,99,89,109,83,101,83,53,63,105,109,83,119,24,24,24,24,24,24,24,24,24,24,24,24,24,24,24,24,24,24,24,24,24,24,24,24,24,24,24,24,24,24,24,24,24,24,24,24,24",
                        "endOffsets": "155,200,249,290,345,404,466,547,608,683,759,836,914,999,1081,1157,1233,1310,1388,1494,1600,1679,1759,1816,1874,1948,2023,2088,2154,2214,2275,2347,2420,2487,2555,2614,2673,2732,2791,2850,2904,2958,3011,3065,3119,3173,3227,3301,3380,3453,3527,3598,3670,3742,3815,3872,3930,4003,4077,4151,4226,4298,4371,4441,4512,4572,4633,70975,71044,71114,71188,71264,71328,71405,71481,71558,71623,71692,71769,71844,71913,71981,72058,72124,72185,72282,72347,72416,72515,72586,72645,72703,72760,72819,72883,72954,73026,73098,73170,73242,73309,73377,73445,73504,73567,73631,73721,73812,73872,73938,74005,74071,74141,74205,74258,74371,74429,74492,74557,74622,74697,74770,74842,74891,74952,75013,75074,75136,75200,75264,75328,75393,75456,75516,75577,75643,75702,75762,75824,75895,75955,76023,76109,76196,76286,76373,76461,76543,76626,76716,76807,76859,76917,76962,77028,77092,77149,77206,77260,77317,77365,77414,77465,77499,77546,77595,77641,77673,77737,77799,77859,77916,77990,78060,78138,78192,78262,78347,78395,78441,78512,78590,78668,78740,78814,78888,78962,79042,79115,79184,79256,79333,79394,79457,79523,79587,79658,79721,79786,79850,79911,79972,80024,80097,80171,80240,80315,80389,80463,80604,80674,80727,80805,80895,80983,81079,81169,81751,81840,82087,82368,82620,82905,83298,83775,83997,84219,84495,84722,84952,85182,85412,85642,85869,86288,86514,86939,87169,87597,87816,88099,88307,88438,88665,89091,89316,89743,89964,90389,90509,90785,91086,91410,91701,92015,92152,92283,92388,92630,92797,93001,93209,93480,93592,93704,93809,93926,94140,94286,94426,94512,94860,94948,95194,95612,95861,95943,96041,96658,96758,97010,97434,97689,97783,97872,98109,100161,100403,100505,100758,102942,113663,115179,125999,127527,129284,129910,130330,131391,132656,132912,133148,133695,134189,134794,134992,135572,136136,136511,136629,137167,137324,137520,137793,138049,138219,138360,138424,138706,138992,139668,139932,140270,140623,140717,140903,141209,141471,141596,141723,141962,142173,142292,142485,142662,143117,143298,143420,143679,143792,143979,144081,144188,144317,144592,145100,145596,146473,146767,147337,147486,148218,148390,148726,148818,149096,153440,157927,157989,158619,159233,159324,159437,159666,159826,159978,160149,160315,160484,160651,160814,161057,161227,161400,161571,161845,162044,162249,162579,162663,162759,162855,162953,163053,163155,163257,163359,163461,163563,163663,163759,163871,164000,164123,164254,164385,164483,164597,164691,164831,164965,165061,165173,165273,165389,165485,165597,165697,165837,165973,166137,166267,166425,166575,166716,166860,166995,167107,167257,167385,167513,167649,167781,167911,168041,168153,168293,168439,168583,168721,168787,168877,168953,169057,169147,169249,169357,169465,169565,169645,169737,169835,169945,170023,170129,170221,170325,170435,170557,170720,170877,170957,171057,171147,171257,171351,171457,171549,171649,171761,171875,171991,172107,172201,172315,172427,172529,172649,172771,172853,172957,173077,173203,173301,173395,173483,173595,173711,173833,173945,174120,174236,174322,174414,174526,174650,174717,174843,174911,175039,175183,175311,175380,175475,175590,175703,175802,175911,176022,176133,176234,176339,176439,176569,176660,176783,176877,176989,177075,177179,177275,177363,177481,177585,177689,177815,177903,178011,178111,178201,178311,178395,178497,178581,178635,178699,178805,178915,178999,179119,9777,9895,10010,10142,10857,11549,12066,13713,14098,14695,16294,17827,18215,20522,40040,40300,41692,42725,44738,45000,45356,46186,52968,54102,54396,54619,54946,56996,57644,59277,59547,63398,63999,67808,69023,70432,70906"
                    },
                    "to": {
                        "startLines": "25,31,33,165,166,167,168,172,173,174,175,176,177,178,179,180,181,183,184,185,186,187,188,189,190,219,220,221,222,223,224,225,226,228,229,230,231,232,233,234,235,236,237,238,239,240,241,254,255,256,257,258,259,260,261,262,263,264,265,266,267,268,269,270,271,272,273,274,275,276,277,278,279,280,281,282,283,284,285,286,287,288,289,290,291,292,293,294,295,296,297,298,299,300,301,302,303,304,305,306,307,308,309,310,311,312,313,314,315,316,317,318,319,320,321,322,323,324,325,326,327,328,329,330,331,332,333,334,335,336,337,338,339,340,341,342,343,344,345,346,347,348,403,404,408,409,410,411,412,413,414,481,482,483,484,485,486,487,488,491,492,493,494,496,503,504,510,525,527,528,531,532,543,544,545,546,547,548,549,550,551,552,553,554,555,556,557,558,559,560,561,562,563,564,565,566,567,568,569,570,571,572,573,574,575,576,577,578,579,580,581,623,625,626,627,628,629,640,648,649,653,657,668,673,679,686,690,694,699,703,707,711,715,719,723,729,733,739,743,749,753,758,762,765,769,775,779,785,789,795,798,802,806,810,814,818,819,820,821,824,827,830,833,837,838,839,840,841,844,846,848,850,855,856,860,866,870,871,873,884,885,889,895,899,953,954,958,985,989,990,994,1244,1412,1438,1607,1633,1664,1672,1678,1692,1714,1719,1724,1734,1743,1752,1756,1763,1771,1778,1779,1788,1791,1794,1798,1802,1806,1809,1810,1814,1818,1828,1833,1840,1846,1847,1850,1854,1859,1861,1863,1866,1869,1871,1875,1878,1885,1888,1891,1895,1897,1901,1903,1905,1907,1911,1919,1927,1939,1945,1954,1957,1968,1971,1976,1977,2063,2121,2184,2185,2195,2204,2205,2207,2211,2214,2217,2220,2223,2226,2229,2232,2236,2239,2242,2245,2249,2252,2256,2260,2261,2262,2263,2264,2265,2266,2267,2268,2269,2270,2271,2272,2273,2274,2275,2276,2277,2278,2279,2280,2282,2284,2285,2286,2287,2288,2289,2290,2291,2293,2294,2296,2297,2299,2301,2302,2304,2305,2306,2307,2308,2309,2311,2312,2313,2314,2315,2470,2472,2474,2476,2477,2478,2479,2480,2481,2482,2483,2484,2485,2486,2487,2488,2490,2491,2492,2493,2494,2495,2497,2501,2570,2571,2572,2573,2574,2575,2576,2599,2601,2603,2605,2607,2609,2610,2611,2612,2614,2616,2618,2619,2620,2621,2622,2623,2624,2625,2626,2627,2628,2629,2632,2633,2634,2635,2637,2639,2640,2642,2643,2645,2647,2649,2650,2651,2652,2653,2654,2655,2656,2657,2658,2659,2660,2662,2663,2664,2665,2667,2668,2669,2670,2671,2673,2675,2677,2679,2680,2681,2682,2683,2684,2685,2686,2687,2688,2689,2690,2691,2692,2972,3055,3058,3061,3064,3078,3089,3099,3126,3133,3165,3195,3222,3231,3268,3669,3762,3891,4040,4076,4082,4109,4132,4273,4294,4300,4304,4340,4398,4410,4437,4442,4532,4567,4632,4651,4677",
                        "startColumns": "4,4,4,4,4,4,4,4,4,4,4,4,4,4,4,4,4,4,4,4,4,4,4,4,4,4,4,4,4,4,4,4,4,4,4,4,4,4,4,4,4,4,4,4,4,4,4,4,4,4,4,4,4,4,4,4,4,4,4,4,4,4,4,4,4,4,4,4,4,4,4,4,4,4,4,4,4,4,4,4,4,4,4,4,4,4,4,4,4,4,4,4,4,4,4,4,4,4,4,4,4,4,4,4,4,4,4,4,4,4,4,4,4,4,4,4,4,4,4,4,4,4,4,4,4,4,4,4,4,4,4,4,4,4,4,4,4,4,4,4,4,4,4,4,4,4,4,4,4,4,4,4,4,4,4,4,4,4,4,4,4,4,4,4,4,4,4,4,4,4,4,4,4,4,4,4,4,4,4,4,4,4,4,4,4,4,4,4,4,4,4,4,4,4,4,4,4,4,4,4,4,4,4,4,4,4,4,4,4,4,4,4,4,4,4,4,4,4,4,4,4,4,4,4,4,4,4,4,4,4,4,4,4,4,4,4,4,4,4,4,4,4,4,4,4,4,4,4,4,4,4,4,4,4,4,4,4,4,4,4,4,4,4,4,4,4,4,4,4,4,4,4,4,4,4,4,4,4,4,4,4,4,4,4,4,4,4,4,4,4,4,4,4,4,4,4,4,4,4,4,4,4,4,4,4,4,4,4,4,4,4,4,4,4,4,4,4,4,4,4,4,4,4,4,4,4,4,4,4,4,4,4,4,4,4,4,4,4,4,4,4,4,4,4,4,4,4,4,4,4,4,4,4,4,4,4,4,4,4,4,4,4,4,4,4,4,4,4,4,4,4,4,4,4,4,4,4,4,4,4,4,4,4,4,4,4,4,4,4,4,4,4,4,4,4,4,4,4,4,4,4,4,4,4,4,4,4,4,4,4,4,4,4,4,4,4,4,4,4,4,4,4,4,4,4,4,4,4,4,4,4,4,4,4,4,4,4,4,4,4,4,4,4,4,4,4,4,4,4,4,4,4,4,4,4,4,4,4,4,4,4,4,4,4,4,4,4,4,4,4,4,4,4,4,4,4,4,4,4,4,4,4,4,4,4,4,4,4,4,4,4,4,4,4,4,4,4,4,4,4,4,4,4,4,4,4,4,4,4,4,4,4,4,4,4,4,4,4,4,4,4,4,4,4,4,4,4,4,4,4,4,4,4,4,4,4,4,4,4,4,4,4,4,4,4,4,4,4,4,4,4,4,4,4,4,4,4,4,4,4,4,4,4,4,4,4,4",
                        "startOffsets": "1262,1489,1587,8037,8078,8133,8192,8402,8483,8544,8619,8695,8772,8850,8935,9017,9093,9209,9286,9364,9470,9576,9655,9735,9792,11764,11838,11913,11978,12044,12104,12165,12237,12356,12423,12491,12550,12609,12668,12727,12786,12840,12894,12947,13001,13055,13109,13988,14062,14141,14214,14288,14359,14431,14503,14576,14633,14691,14764,14838,14912,14987,15059,15132,15202,15273,15333,15394,15463,15532,15602,15676,15752,15816,15893,15969,16046,16111,16180,16257,16332,16401,16469,16546,16612,16673,16770,16835,16904,17003,17074,17133,17191,17248,17307,17371,17442,17514,17586,17658,17730,17797,17865,17933,17992,18055,18119,18209,18300,18360,18426,18493,18559,18629,18693,18746,18859,18917,18980,19045,19110,19185,19258,19330,19379,19440,19501,19562,19624,19688,19752,19816,19881,19944,20004,20065,20131,20190,20250,20312,20383,20443,23973,24059,24309,24399,24486,24574,24656,24739,24829,28971,29023,29081,29126,29192,29256,29313,29370,29572,29629,29677,29726,29817,30150,30197,30481,31208,31288,31352,31542,31602,32291,32365,32435,32513,32567,32637,32722,32770,32816,32887,32965,33043,33115,33189,33263,33337,33417,33490,33559,33631,33708,33769,33832,33898,33962,34033,34096,34161,34225,34286,34347,34399,34472,34546,34615,34690,34764,34838,34979,40140,40264,40342,40432,40520,40616,41300,41882,41971,42218,42499,43165,43450,43843,44320,44542,44764,45040,45267,45497,45727,45957,46187,46414,46833,47059,47484,47714,48142,48361,48644,48852,48983,49210,49636,49861,50288,50509,50934,51054,51330,51631,51955,52246,52560,52697,52828,52933,53175,53342,53546,53754,54025,54137,54249,54354,54471,54685,54831,54971,55057,55405,55493,55739,56157,56406,56488,56586,57203,57303,57555,57979,58234,62061,62150,62387,64439,64681,64783,65036,83417,94138,95654,106474,108002,109759,110385,110805,111866,113131,113387,113623,114170,114664,115269,115467,116047,116611,116986,117104,117642,117799,117995,118268,118524,118694,118835,118899,119181,119467,120143,120407,120745,121098,121192,121378,121684,121946,122071,122198,122437,122648,122767,122960,123137,123592,123773,123895,124154,124267,124454,124556,124663,124792,125067,125575,126071,126948,127242,127812,127961,128693,128865,129201,129293,133618,137962,142793,142855,143485,144099,144190,144303,144532,144692,144844,145015,145181,145350,145517,145680,145923,146093,146266,146437,146711,146910,147115,147445,147529,147625,147721,147819,147919,148021,148123,148225,148327,148429,148529,148625,148737,148866,148989,149120,149251,149349,149463,149557,149697,149831,149927,150039,150139,150255,150351,150463,150563,150703,150839,151003,151133,151291,151441,151582,151726,151861,151973,152123,152251,152379,152515,152647,152777,152907,153019,161745,161891,162035,162173,162239,162329,162405,162509,162599,162701,162809,162917,163017,163097,163189,163287,163397,163475,163581,163673,163777,163887,164009,164172,168657,168737,168837,168927,169037,169131,169237,170935,171035,171147,171261,171377,171493,171587,171701,171813,171915,172035,172157,172239,172343,172463,172589,172687,172781,172869,172981,173097,173219,173331,173506,173622,173708,173800,173912,174036,174103,174229,174297,174425,174569,174697,174766,174861,174976,175089,175188,175297,175408,175519,175620,175725,175825,175955,176046,176169,176263,176375,176461,176565,176661,176749,176867,176971,177075,177201,177289,177397,177497,177587,177697,177781,177883,177967,178021,178085,178191,178301,178385,195473,200617,200735,200850,200982,201697,202389,202906,204553,204938,206586,208185,209718,210106,212413,233365,239852,253166,262612,264625,264887,267532,268362,275144,276845,277139,277362,279431,282233,282881,284514,284784,290564,293213,297022,298237,299646",
                        "endLines": "25,31,33,165,166,167,168,172,173,174,175,176,177,178,179,180,181,183,184,185,186,187,188,189,190,219,220,221,222,223,224,225,226,228,229,230,231,232,233,234,235,236,237,238,239,240,241,254,255,256,257,258,259,260,261,262,263,264,265,266,267,268,269,270,271,272,273,274,275,276,277,278,279,280,281,282,283,284,285,286,287,288,289,290,291,292,293,294,295,296,297,298,299,300,301,302,303,304,305,306,307,308,309,310,311,312,313,314,315,316,317,318,319,320,321,322,323,324,325,326,327,328,329,330,331,332,333,334,335,336,337,338,339,340,341,342,343,344,345,346,347,348,403,404,408,409,410,411,412,413,414,481,482,483,484,485,486,487,488,491,492,493,494,496,503,504,510,525,527,528,531,532,543,544,545,546,547,548,549,550,551,552,553,554,555,556,557,558,559,560,561,562,563,564,565,566,567,568,569,570,571,572,573,574,575,576,577,578,579,580,581,623,625,626,627,628,629,647,648,652,656,660,672,678,685,689,693,698,702,706,710,714,718,722,728,732,738,742,748,752,757,761,764,768,774,778,784,788,794,797,801,805,809,813,817,818,819,820,823,826,829,832,836,837,838,839,840,843,845,847,849,854,855,859,865,869,870,872,883,884,888,894,898,899,953,957,984,988,989,993,1021,1411,1437,1606,1632,1663,1671,1677,1691,1713,1718,1723,1733,1742,1751,1755,1762,1770,1777,1778,1787,1790,1793,1797,1801,1805,1808,1809,1813,1817,1827,1832,1839,1845,1846,1849,1853,1858,1860,1862,1865,1868,1870,1874,1877,1884,1887,1890,1894,1896,1900,1902,1904,1906,1910,1918,1926,1938,1944,1953,1956,1967,1970,1975,1976,1981,2120,2179,2184,2194,2203,2204,2206,2210,2213,2216,2219,2222,2225,2228,2231,2235,2238,2241,2244,2248,2251,2255,2259,2260,2261,2262,2263,2264,2265,2266,2267,2268,2269,2270,2271,2272,2273,2274,2275,2276,2277,2278,2279,2281,2283,2284,2285,2286,2287,2288,2289,2290,2292,2293,2295,2296,2298,2300,2301,2303,2304,2305,2306,2307,2308,2310,2311,2312,2313,2314,2315,2471,2473,2475,2476,2477,2478,2479,2480,2481,2482,2483,2484,2485,2486,2487,2489,2490,2491,2492,2493,2494,2496,2500,2504,2570,2571,2572,2573,2574,2575,2576,2600,2602,2604,2606,2608,2609,2610,2611,2613,2615,2617,2618,2619,2620,2621,2622,2623,2624,2625,2626,2627,2628,2631,2632,2633,2634,2636,2638,2639,2641,2642,2644,2646,2648,2649,2650,2651,2652,2653,2654,2655,2656,2657,2658,2659,2661,2662,2663,2664,2666,2667,2668,2669,2670,2672,2674,2676,2678,2679,2680,2681,2682,2683,2684,2685,2686,2687,2688,2689,2690,2691,2692,3054,3057,3060,3063,3077,3088,3098,3125,3132,3143,3194,3221,3230,3267,3648,3673,3787,3908,4075,4081,4087,4131,4272,4292,4299,4303,4309,4376,4409,4436,4441,4507,4546,4631,4650,4676,4685",
                        "endColumns": "54,44,48,40,54,58,61,80,60,74,75,76,77,84,81,75,75,76,77,105,105,78,79,56,57,73,74,64,65,59,60,71,72,66,67,58,58,58,58,58,53,53,52,53,53,53,53,73,78,72,73,70,71,71,72,56,57,72,73,73,74,71,72,69,70,59,60,68,68,69,73,75,63,76,75,76,64,68,76,74,68,67,76,65,60,96,64,68,98,70,58,57,56,58,63,70,71,71,71,71,66,67,67,58,62,63,89,90,59,65,66,65,69,63,52,112,57,62,64,64,74,72,71,48,60,60,60,61,63,63,63,64,62,59,60,65,58,59,61,70,59,67,85,86,89,86,87,81,82,89,90,51,57,44,65,63,56,56,53,56,47,48,50,33,46,48,45,31,63,61,59,56,73,69,77,53,69,84,47,45,70,77,77,71,73,73,73,79,72,68,71,76,60,62,65,63,70,62,64,63,60,60,51,72,73,68,74,73,73,140,69,52,77,89,87,95,89,12,88,12,12,12,12,12,12,12,12,12,12,12,12,12,12,12,12,12,12,12,12,12,12,12,12,12,12,12,12,12,12,12,12,12,12,12,12,136,130,104,12,12,12,12,12,111,111,104,116,12,12,12,12,12,87,12,12,12,81,12,12,99,12,12,12,93,88,12,12,12,101,12,12,12,12,12,12,12,12,12,12,12,12,12,12,12,12,12,12,12,12,117,12,12,12,12,12,12,12,63,12,12,12,12,12,12,93,12,12,12,12,12,12,12,12,12,12,12,12,12,12,12,12,12,12,12,12,12,12,12,12,12,12,12,12,12,91,12,12,12,61,12,12,90,12,12,12,12,12,12,12,12,12,12,12,12,12,12,12,12,12,83,95,95,97,99,101,101,101,101,101,99,95,111,128,122,130,130,97,113,93,12,12,95,111,99,115,95,111,99,12,135,12,129,12,12,140,12,134,111,149,127,127,12,131,129,129,111,139,12,12,12,65,89,75,103,89,101,107,107,99,79,91,97,12,77,105,91,103,109,12,12,12,79,99,89,109,93,105,91,12,12,12,12,12,93,113,111,12,12,12,81,103,119,125,97,93,87,111,115,121,111,12,115,85,91,12,12,66,12,67,12,12,12,68,94,114,112,98,108,110,110,100,104,99,12,90,122,93,12,85,103,95,87,12,12,12,12,87,107,99,89,109,83,101,83,53,63,105,109,83,119,24,24,24,24,24,24,24,24,24,24,24,24,24,24,24,24,24,24,24,24,24,24,24,24,24,24,24,24,24,24,24,24,24,24,24,24,24",
                        "endOffsets": "1312,1529,1631,8073,8128,8187,8249,8478,8539,8614,8690,8767,8845,8930,9012,9088,9164,9281,9359,9465,9571,9650,9730,9787,9845,11833,11908,11973,12039,12099,12160,12232,12305,12418,12486,12545,12604,12663,12722,12781,12835,12889,12942,12996,13050,13104,13158,14057,14136,14209,14283,14354,14426,14498,14571,14628,14686,14759,14833,14907,14982,15054,15127,15197,15268,15328,15389,15458,15527,15597,15671,15747,15811,15888,15964,16041,16106,16175,16252,16327,16396,16464,16541,16607,16668,16765,16830,16899,16998,17069,17128,17186,17243,17302,17366,17437,17509,17581,17653,17725,17792,17860,17928,17987,18050,18114,18204,18295,18355,18421,18488,18554,18624,18688,18741,18854,18912,18975,19040,19105,19180,19253,19325,19374,19435,19496,19557,19619,19683,19747,19811,19876,19939,19999,20060,20126,20185,20245,20307,20378,20438,20506,24054,24141,24394,24481,24569,24651,24734,24824,24915,29018,29076,29121,29187,29251,29308,29365,29419,29624,29672,29721,29772,29846,30192,30241,30522,31235,31347,31409,31597,31654,32360,32430,32508,32562,32632,32717,32765,32811,32882,32960,33038,33110,33184,33258,33332,33412,33485,33554,33626,33703,33764,33827,33893,33957,34028,34091,34156,34220,34281,34342,34394,34467,34541,34610,34685,34759,34833,34974,35044,40188,40337,40427,40515,40611,40701,41877,41966,42213,42494,42746,43445,43838,44315,44537,44759,45035,45262,45492,45722,45952,46182,46409,46828,47054,47479,47709,48137,48356,48639,48847,48978,49205,49631,49856,50283,50504,50929,51049,51325,51626,51950,52241,52555,52692,52823,52928,53170,53337,53541,53749,54020,54132,54244,54349,54466,54680,54826,54966,55052,55400,55488,55734,56152,56401,56483,56581,57198,57298,57550,57974,58229,58323,62145,62382,64434,64676,64778,65031,67215,94133,95649,106469,107997,109754,110380,110800,111861,113126,113382,113618,114165,114659,115264,115462,116042,116606,116981,117099,117637,117794,117990,118263,118519,118689,118830,118894,119176,119462,120138,120402,120740,121093,121187,121373,121679,121941,122066,122193,122432,122643,122762,122955,123132,123587,123768,123890,124149,124262,124449,124551,124658,124787,125062,125570,126066,126943,127237,127807,127956,128688,128860,129196,129288,129566,137957,142444,142850,143480,144094,144185,144298,144527,144687,144839,145010,145176,145345,145512,145675,145918,146088,146261,146432,146706,146905,147110,147440,147524,147620,147716,147814,147914,148016,148118,148220,148322,148424,148524,148620,148732,148861,148984,149115,149246,149344,149458,149552,149692,149826,149922,150034,150134,150250,150346,150458,150558,150698,150834,150998,151128,151286,151436,151577,151721,151856,151968,152118,152246,152374,152510,152642,152772,152902,153014,153154,161886,162030,162168,162234,162324,162400,162504,162594,162696,162804,162912,163012,163092,163184,163282,163392,163470,163576,163668,163772,163882,164004,164167,164324,168732,168832,168922,169032,169126,169232,169324,171030,171142,171256,171372,171488,171582,171696,171808,171910,172030,172152,172234,172338,172458,172584,172682,172776,172864,172976,173092,173214,173326,173501,173617,173703,173795,173907,174031,174098,174224,174292,174420,174564,174692,174761,174856,174971,175084,175183,175292,175403,175514,175615,175720,175820,175950,176041,176164,176258,176370,176456,176560,176656,176744,176862,176966,177070,177196,177284,177392,177492,177582,177692,177776,177878,177962,178016,178080,178186,178296,178380,178500,200612,200730,200845,200977,201692,202384,202901,204548,204933,205530,208180,209713,210101,212408,231926,233620,241239,254194,264620,264882,265238,268357,275139,276273,277134,277357,277684,281476,282876,284509,284779,288630,291160,297017,298232,299641,300115"
                    }
                },
                {
                    "source": "C:\\Users\\cossa\\.gradle\\caches\\transforms-2\\files-2.1\\6fcec616c349a88419e23364fa181eba\\res\\values\\values.xml",
                    "from": {
                        "startLines": "4",
                        "startColumns": "0",
                        "startOffsets": "176",
                        "endColumns": "77",
                        "endOffsets": "253"
                    },
                    "to": {
                        "startLines": "608",
                        "startColumns": "4",
                        "startOffsets": "38339",
                        "endColumns": "81",
                        "endOffsets": "38416"
                    }
                },
                {
                    "source": "C:\\Users\\cossa\\.gradle\\caches\\transforms-2\\files-2.1\\188a3b83f5b63c52c694040ed8fc2a71\\res\\values\\values.xml",
                    "from": {
                        "startLines": "2,6,7,8,9,10",
                        "startColumns": "4,4,4,4,4,4",
                        "startOffsets": "55,348,414,536,597,663",
                        "endColumns": "88,65,121,60,65,66",
                        "endOffsets": "139,409,531,592,658,725"
                    },
                    "to": {
                        "startLines": "253,2321,2323,2324,2329,2331",
                        "startColumns": "4,4,4,4,4,4",
                        "startOffsets": "13899,153477,153653,153775,154037,154232",
                        "endColumns": "88,65,121,60,65,66",
                        "endOffsets": "13983,153538,153770,153831,154098,154294"
                    }
                }
            ]
        }
    ]
}