{
    "logs": [
        {
            "outputFile": "D:\\Users\\cossa\\OneDrive\\Bureau\\App - Copie\\app\\build\\intermediates\\incremental\\mergeDebugResources\\merged.dir\\values-ro\\values-ro.xml",
            "map": [
                {
                    "source": "C:\\Users\\cossa\\.gradle\\caches\\transforms-2\\files-2.1\\f8177bfa482e70af7a718d0de09642e2\\res\\values-ro\\values.xml",
                    "from": {
                        "startLines": "4,5,6,7,8,9,10,11,12,13,14,15,16,17,18,19,20",
                        "startColumns": "0,0,0,0,0,0,0,0,0,0,0,0,0,0,0,0,0",
                        "startOffsets": "245,350,542,669,776,986,1116,1265,1399,1620,1728,1918,2048,2253,2445,2542,2635",
                        "endColumns": "104,191,126,106,209,129,148,133,220,107,189,129,204,191,96,92,106",
                        "endOffsets": "349,541,668,775,985,1115,1264,1398,1619,1727,1917,2047,2252,2444,2541,2634,2741"
                    },
                    "to": {
                        "startLines": "29,30,31,32,33,34,35,36,38,39,40,41,42,43,44,45,46",
                        "startColumns": "4,4,4,4,4,4,4,4,4,4,4,4,4,4,4,4,4",
                        "startOffsets": "2870,2979,3171,3302,3413,3623,3757,3910,4252,4473,4585,4775,4909,5114,5310,5411,5508",
                        "endColumns": "108,191,130,110,209,133,152,137,220,111,189,133,204,195,100,96,110",
                        "endOffsets": "2974,3166,3297,3408,3618,3752,3905,4043,4468,4580,4770,4904,5109,5305,5406,5503,5614"
                    }
                },
                {
                    "source": "C:\\Users\\cossa\\.gradle\\caches\\transforms-2\\files-2.1\\122f7e0068abbdd517605c9b7ef383c3\\res\\values-ro\\values-ro.xml",
                    "from": {
                        "startLines": "2",
                        "startColumns": "4",
                        "startOffsets": "55",
                        "endColumns": "100",
                        "endOffsets": "151"
                    },
                    "to": {
                        "startLines": "49",
                        "startColumns": "4",
                        "startOffsets": "5808",
                        "endColumns": "100",
                        "endOffsets": "5904"
                    }
                },
                {
                    "source": "C:\\Users\\cossa\\.gradle\\caches\\transforms-2\\files-2.1\\0034ac87bcad9dcc3cd4c9cca42d3786\\res\\values-ro\\values-ro.xml",
                    "from": {
                        "startLines": "2,3,4,5,6,7,8,9,10,11,12,13,14,15,16,17,18,19,20,21,22,23,24,25,26,27,28,29",
                        "startColumns": "4,4,4,4,4,4,4,4,4,4,4,4,4,4,4,4,4,4,4,4,4,4,4,4,4,4,4,4",
                        "startOffsets": "105,226,330,443,531,643,764,849,930,1021,1114,1210,1304,1404,1497,1592,1687,1778,1870,1953,2065,2178,2278,2392,2497,2603,2767,2870",
                        "endColumns": "120,103,112,87,111,120,84,80,90,92,95,93,99,92,94,94,90,91,82,111,112,99,113,104,105,163,102,82",
                        "endOffsets": "221,325,438,526,638,759,844,925,1016,1109,1205,1299,1399,1492,1587,1682,1773,1865,1948,2060,2173,2273,2387,2492,2598,2762,2865,2948"
                    },
                    "to": {
                        "startLines": "2,3,4,5,6,7,8,9,10,11,12,13,14,15,16,17,18,19,20,21,22,23,24,25,26,27,28,48",
                        "startColumns": "4,4,4,4,4,4,4,4,4,4,4,4,4,4,4,4,4,4,4,4,4,4,4,4,4,4,4,4",
                        "startOffsets": "105,226,330,443,531,643,764,849,930,1021,1114,1210,1304,1404,1497,1592,1687,1778,1870,1953,2065,2178,2278,2392,2497,2603,2767,5725",
                        "endColumns": "120,103,112,87,111,120,84,80,90,92,95,93,99,92,94,94,90,91,82,111,112,99,113,104,105,163,102,82",
                        "endOffsets": "221,325,438,526,638,759,844,925,1016,1109,1205,1299,1399,1492,1587,1682,1773,1865,1948,2060,2173,2273,2387,2492,2598,2762,2865,5803"
                    }
                },
                {
                    "source": "C:\\Users\\cossa\\.gradle\\caches\\transforms-2\\files-2.1\\6f977deaf27a856b0a93ea546331a7e6\\res\\values-ro\\values.xml",
                    "from": {
                        "startLines": "4",
                        "startColumns": "0",
                        "startOffsets": "247",
                        "endColumns": "203",
                        "endOffsets": "450"
                    },
                    "to": {
                        "startLines": "37",
                        "startColumns": "4",
                        "startOffsets": "4048",
                        "endColumns": "203",
                        "endOffsets": "4247"
                    }
                },
                {
                    "source": "C:\\Users\\cossa\\.gradle\\caches\\transforms-2\\files-2.1\\6fcec616c349a88419e23364fa181eba\\res\\values-ro\\values.xml",
                    "from": {
                        "startLines": "4",
                        "startColumns": "0",
                        "startOffsets": "205",
                        "endColumns": "101",
                        "endOffsets": "306"
                    },
                    "to": {
                        "startLines": "47",
                        "startColumns": "4",
                        "startOffsets": "5619",
                        "endColumns": "105",
                        "endOffsets": "5720"
                    }
                }
            ]
        }
    ]
}