{
    "logs": [
        {
            "outputFile": "D:\\Users\\cossa\\OneDrive\\Bureau\\App - Copie\\app\\build\\intermediates\\incremental\\mergeDebugResources\\merged.dir\\values-mk\\values-mk.xml",
            "map": [
                {
                    "source": "C:\\Users\\cossa\\.gradle\\caches\\transforms-2\\files-2.1\\0034ac87bcad9dcc3cd4c9cca42d3786\\res\\values-mk\\values-mk.xml",
                    "from": {
                        "startLines": "2,3,4,5,6,7,8,9,10,11,12,13,14,15,16,17,18,19,20,21,22,23,24,25,26,27,28,29",
                        "startColumns": "4,4,4,4,4,4,4,4,4,4,4,4,4,4,4,4,4,4,4,4,4,4,4,4,4,4,4,4",
                        "startOffsets": "105,213,317,425,511,616,735,818,900,997,1096,1193,1293,1400,1499,1600,1696,1793,1884,1971,2077,2184,2285,2392,2503,2607,2763,2861",
                        "endColumns": "107,103,107,85,104,118,82,81,96,98,96,99,106,98,100,95,96,90,86,105,106,100,106,110,103,155,97,83",
                        "endOffsets": "208,312,420,506,611,730,813,895,992,1091,1188,1288,1395,1494,1595,1691,1788,1879,1966,2072,2179,2280,2387,2498,2602,2758,2856,2940"
                    },
                    "to": {
                        "startLines": "2,3,4,5,6,7,8,9,10,11,12,13,14,15,16,17,18,19,20,21,22,23,24,25,26,27,28,48",
                        "startColumns": "4,4,4,4,4,4,4,4,4,4,4,4,4,4,4,4,4,4,4,4,4,4,4,4,4,4,4,4",
                        "startOffsets": "105,213,317,425,511,616,735,818,900,997,1096,1193,1293,1400,1499,1600,1696,1793,1884,1971,2077,2184,2285,2392,2503,2607,2763,5697",
                        "endColumns": "107,103,107,85,104,118,82,81,96,98,96,99,106,98,100,95,96,90,86,105,106,100,106,110,103,155,97,83",
                        "endOffsets": "208,312,420,506,611,730,813,895,992,1091,1188,1288,1395,1494,1595,1691,1788,1879,1966,2072,2179,2280,2387,2498,2602,2758,2856,5776"
                    }
                },
                {
                    "source": "C:\\Users\\cossa\\.gradle\\caches\\transforms-2\\files-2.1\\f8177bfa482e70af7a718d0de09642e2\\res\\values-mk\\values.xml",
                    "from": {
                        "startLines": "4,5,6,7,8,9,10,11,12,13,14,15,16,17,18,19,20",
                        "startColumns": "0,0,0,0,0,0,0,0,0,0,0,0,0,0,0,0,0",
                        "startOffsets": "245,350,543,674,782,986,1117,1263,1398,1614,1719,1916,2047,2259,2444,2539,2629",
                        "endColumns": "104,192,130,107,203,130,145,134,215,104,196,130,211,184,94,89,103",
                        "endOffsets": "349,542,673,781,985,1116,1262,1397,1613,1718,1915,2046,2258,2443,2538,2628,2732"
                    },
                    "to": {
                        "startLines": "29,30,31,32,33,34,35,36,38,39,40,41,42,43,44,45,46",
                        "startColumns": "4,4,4,4,4,4,4,4,4,4,4,4,4,4,4,4,4",
                        "startOffsets": "2861,2970,3163,3298,3410,3614,3749,3899,4234,4450,4559,4756,4891,5103,5292,5391,5485",
                        "endColumns": "108,192,134,111,203,134,149,138,215,108,196,134,211,188,98,93,107",
                        "endOffsets": "2965,3158,3293,3405,3609,3744,3894,4033,4445,4554,4751,4886,5098,5287,5386,5480,5588"
                    }
                },
                {
                    "source": "C:\\Users\\cossa\\.gradle\\caches\\transforms-2\\files-2.1\\122f7e0068abbdd517605c9b7ef383c3\\res\\values-mk\\values-mk.xml",
                    "from": {
                        "startLines": "2",
                        "startColumns": "4",
                        "startOffsets": "55",
                        "endColumns": "100",
                        "endOffsets": "151"
                    },
                    "to": {
                        "startLines": "49",
                        "startColumns": "4",
                        "startOffsets": "5781",
                        "endColumns": "100",
                        "endOffsets": "5877"
                    }
                },
                {
                    "source": "C:\\Users\\cossa\\.gradle\\caches\\transforms-2\\files-2.1\\6f977deaf27a856b0a93ea546331a7e6\\res\\values-mk\\values.xml",
                    "from": {
                        "startLines": "4",
                        "startColumns": "0",
                        "startOffsets": "247",
                        "endColumns": "195",
                        "endOffsets": "442"
                    },
                    "to": {
                        "startLines": "37",
                        "startColumns": "4",
                        "startOffsets": "4038",
                        "endColumns": "195",
                        "endOffsets": "4229"
                    }
                },
                {
                    "source": "C:\\Users\\cossa\\.gradle\\caches\\transforms-2\\files-2.1\\6fcec616c349a88419e23364fa181eba\\res\\values-mk\\values.xml",
                    "from": {
                        "startLines": "4",
                        "startColumns": "0",
                        "startOffsets": "205",
                        "endColumns": "99",
                        "endOffsets": "304"
                    },
                    "to": {
                        "startLines": "47",
                        "startColumns": "4",
                        "startOffsets": "5593",
                        "endColumns": "103",
                        "endOffsets": "5692"
                    }
                }
            ]
        }
    ]
}