{
    "logs": [
        {
            "outputFile": "D:\\Users\\cossa\\OneDrive\\Bureau\\App - Copie\\app\\build\\intermediates\\incremental\\mergeDebugResources\\merged.dir\\values-te\\values-te.xml",
            "map": [
                {
                    "source": "C:\\Users\\cossa\\.gradle\\caches\\transforms-2\\files-2.1\\6fcec616c349a88419e23364fa181eba\\res\\values-te\\values.xml",
                    "from": {
                        "startLines": "4",
                        "startColumns": "0",
                        "startOffsets": "205",
                        "endColumns": "100",
                        "endOffsets": "305"
                    },
                    "to": {
                        "startLines": "47",
                        "startColumns": "4",
                        "startOffsets": "5541",
                        "endColumns": "104",
                        "endOffsets": "5641"
                    }
                },
                {
                    "source": "C:\\Users\\cossa\\.gradle\\caches\\transforms-2\\files-2.1\\6f977deaf27a856b0a93ea546331a7e6\\res\\values-te\\values.xml",
                    "from": {
                        "startLines": "4",
                        "startColumns": "0",
                        "startOffsets": "247",
                        "endColumns": "198",
                        "endOffsets": "445"
                    },
                    "to": {
                        "startLines": "37",
                        "startColumns": "4",
                        "startOffsets": "3998",
                        "endColumns": "198",
                        "endOffsets": "4192"
                    }
                },
                {
                    "source": "C:\\Users\\cossa\\.gradle\\caches\\transforms-2\\files-2.1\\122f7e0068abbdd517605c9b7ef383c3\\res\\values-te\\values-te.xml",
                    "from": {
                        "startLines": "2",
                        "startColumns": "4",
                        "startOffsets": "55",
                        "endColumns": "100",
                        "endOffsets": "151"
                    },
                    "to": {
                        "startLines": "49",
                        "startColumns": "4",
                        "startOffsets": "5728",
                        "endColumns": "100",
                        "endOffsets": "5824"
                    }
                },
                {
                    "source": "C:\\Users\\cossa\\.gradle\\caches\\transforms-2\\files-2.1\\0034ac87bcad9dcc3cd4c9cca42d3786\\res\\values-te\\values-te.xml",
                    "from": {
                        "startLines": "2,3,4,5,6,7,8,9,10,11,12,13,14,15,16,17,18,19,20,21,22,23,24,25,26,27,28,29",
                        "startColumns": "4,4,4,4,4,4,4,4,4,4,4,4,4,4,4,4,4,4,4,4,4,4,4,4,4,4,4,4",
                        "startOffsets": "105,219,328,439,529,634,759,841,923,1014,1107,1203,1297,1398,1491,1586,1681,1772,1863,1947,2060,2168,2267,2378,2480,2597,2763,2864",
                        "endColumns": "113,108,110,89,104,124,81,81,90,92,95,93,100,92,94,94,90,90,83,112,107,98,110,101,116,165,100,81",
                        "endOffsets": "214,323,434,524,629,754,836,918,1009,1102,1198,1292,1393,1486,1581,1676,1767,1858,1942,2055,2163,2262,2373,2475,2592,2758,2859,2941"
                    },
                    "to": {
                        "startLines": "2,3,4,5,6,7,8,9,10,11,12,13,14,15,16,17,18,19,20,21,22,23,24,25,26,27,28,48",
                        "startColumns": "4,4,4,4,4,4,4,4,4,4,4,4,4,4,4,4,4,4,4,4,4,4,4,4,4,4,4,4",
                        "startOffsets": "105,219,328,439,529,634,759,841,923,1014,1107,1203,1297,1398,1491,1586,1681,1772,1863,1947,2060,2168,2267,2378,2480,2597,2763,5646",
                        "endColumns": "113,108,110,89,104,124,81,81,90,92,95,93,100,92,94,94,90,90,83,112,107,98,110,101,116,165,100,81",
                        "endOffsets": "214,323,434,524,629,754,836,918,1009,1102,1198,1292,1393,1486,1581,1676,1767,1858,1942,2055,2163,2262,2373,2475,2592,2758,2859,5723"
                    }
                },
                {
                    "source": "C:\\Users\\cossa\\.gradle\\caches\\transforms-2\\files-2.1\\f8177bfa482e70af7a718d0de09642e2\\res\\values-te\\values.xml",
                    "from": {
                        "startLines": "4,5,6,7,8,9,10,11,12,13,14,15,16,17,18,19,20",
                        "startColumns": "0,0,0,0,0,0,0,0,0,0,0,0,0,0,0,0,0",
                        "startOffsets": "245,353,539,667,780,976,1099,1230,1355,1563,1673,1857,1983,2193,2382,2472,2568",
                        "endColumns": "107,185,127,112,195,122,130,124,207,109,183,125,209,188,89,95,106",
                        "endOffsets": "352,538,666,779,975,1098,1229,1354,1562,1672,1856,1982,2192,2381,2471,2567,2674"
                    },
                    "to": {
                        "startLines": "29,30,31,32,33,34,35,36,38,39,40,41,42,43,44,45,46",
                        "startColumns": "4,4,4,4,4,4,4,4,4,4,4,4,4,4,4,4,4",
                        "startOffsets": "2864,2976,3162,3294,3411,3607,3734,3869,4197,4405,4519,4703,4833,5043,5236,5330,5430",
                        "endColumns": "111,185,131,116,195,126,134,128,207,113,183,129,209,192,93,99,110",
                        "endOffsets": "2971,3157,3289,3406,3602,3729,3864,3993,4400,4514,4698,4828,5038,5231,5325,5425,5536"
                    }
                }
            ]
        }
    ]
}