{
    "logs": [
        {
            "outputFile": "D:\\Users\\cossa\\OneDrive\\Bureau\\App - Copie\\app\\build\\intermediates\\incremental\\mergeDebugResources\\merged.dir\\values-ja\\values-ja.xml",
            "map": [
                {
                    "source": "C:\\Users\\cossa\\.gradle\\caches\\transforms-2\\files-2.1\\f8177bfa482e70af7a718d0de09642e2\\res\\values-ja\\values.xml",
                    "from": {
                        "startLines": "4,5,6,7,8,9,10,11,12,13,14,15,16,17,18,19,20",
                        "startColumns": "0,0,0,0,0,0,0,0,0,0,0,0,0,0,0,0,0",
                        "startOffsets": "245,347,513,631,735,924,1042,1173,1297,1488,1587,1751,1868,2047,2193,2279,2364",
                        "endColumns": "101,165,117,103,188,117,130,123,190,98,163,116,178,145,85,84,95",
                        "endOffsets": "346,512,630,734,923,1041,1172,1296,1487,1586,1750,1867,2046,2192,2278,2363,2459"
                    },
                    "to": {
                        "startLines": "29,30,31,32,33,34,35,36,38,39,40,41,42,43,44,45,46",
                        "startColumns": "4,4,4,4,4,4,4,4,4,4,4,4,4,4,4,4,4",
                        "startOffsets": "2693,2799,2965,3087,3195,3384,3506,3641,3950,4141,4244,4408,4529,4708,4858,4948,5037",
                        "endColumns": "105,165,121,107,188,121,134,127,190,102,163,120,178,149,89,88,99",
                        "endOffsets": "2794,2960,3082,3190,3379,3501,3636,3764,4136,4239,4403,4524,4703,4853,4943,5032,5132"
                    }
                },
                {
                    "source": "C:\\Users\\cossa\\.gradle\\caches\\transforms-2\\files-2.1\\122f7e0068abbdd517605c9b7ef383c3\\res\\values-ja\\values-ja.xml",
                    "from": {
                        "startLines": "2",
                        "startColumns": "4",
                        "startOffsets": "55",
                        "endColumns": "100",
                        "endOffsets": "151"
                    },
                    "to": {
                        "startLines": "49",
                        "startColumns": "4",
                        "startOffsets": "5317",
                        "endColumns": "100",
                        "endOffsets": "5413"
                    }
                },
                {
                    "source": "C:\\Users\\cossa\\.gradle\\caches\\transforms-2\\files-2.1\\6f977deaf27a856b0a93ea546331a7e6\\res\\values-ja\\values.xml",
                    "from": {
                        "startLines": "4",
                        "startColumns": "0",
                        "startOffsets": "247",
                        "endColumns": "180",
                        "endOffsets": "427"
                    },
                    "to": {
                        "startLines": "37",
                        "startColumns": "4",
                        "startOffsets": "3769",
                        "endColumns": "180",
                        "endOffsets": "3945"
                    }
                },
                {
                    "source": "C:\\Users\\cossa\\.gradle\\caches\\transforms-2\\files-2.1\\6fcec616c349a88419e23364fa181eba\\res\\values-ja\\values.xml",
                    "from": {
                        "startLines": "4",
                        "startColumns": "0",
                        "startOffsets": "205",
                        "endColumns": "97",
                        "endOffsets": "302"
                    },
                    "to": {
                        "startLines": "47",
                        "startColumns": "4",
                        "startOffsets": "5137",
                        "endColumns": "101",
                        "endOffsets": "5234"
                    }
                },
                {
                    "source": "C:\\Users\\cossa\\.gradle\\caches\\transforms-2\\files-2.1\\0034ac87bcad9dcc3cd4c9cca42d3786\\res\\values-ja\\values-ja.xml",
                    "from": {
                        "startLines": "2,3,4,5,6,7,8,9,10,11,12,13,14,15,16,17,18,19,20,21,22,23,24,25,26,27,28,29",
                        "startColumns": "4,4,4,4,4,4,4,4,4,4,4,4,4,4,4,4,4,4,4,4,4,4,4,4,4,4,4,4",
                        "startOffsets": "105,202,295,400,482,580,688,765,841,932,1025,1121,1215,1316,1409,1504,1598,1689,1780,1858,1960,2059,2154,2257,2352,2448,2596,2693",
                        "endColumns": "96,92,104,81,97,107,76,75,90,92,95,93,100,92,94,93,90,90,77,101,98,94,102,94,95,147,96,77",
                        "endOffsets": "197,290,395,477,575,683,760,836,927,1020,1116,1210,1311,1404,1499,1593,1684,1775,1853,1955,2054,2149,2252,2347,2443,2591,2688,2766"
                    },
                    "to": {
                        "startLines": "2,3,4,5,6,7,8,9,10,11,12,13,14,15,16,17,18,19,20,21,22,23,24,25,26,27,28,48",
                        "startColumns": "4,4,4,4,4,4,4,4,4,4,4,4,4,4,4,4,4,4,4,4,4,4,4,4,4,4,4,4",
                        "startOffsets": "105,202,295,400,482,580,688,765,841,932,1025,1121,1215,1316,1409,1504,1598,1689,1780,1858,1960,2059,2154,2257,2352,2448,2596,5239",
                        "endColumns": "96,92,104,81,97,107,76,75,90,92,95,93,100,92,94,93,90,90,77,101,98,94,102,94,95,147,96,77",
                        "endOffsets": "197,290,395,477,575,683,760,836,927,1020,1116,1210,1311,1404,1499,1593,1684,1775,1853,1955,2054,2149,2252,2347,2443,2591,2688,5312"
                    }
                }
            ]
        }
    ]
}