{
    "logs": [
        {
            "outputFile": "D:\\Users\\cossa\\OneDrive\\Bureau\\App - Copie\\app\\build\\intermediates\\incremental\\mergeDebugResources\\merged.dir\\values-de\\values-de.xml",
            "map": [
                {
                    "source": "C:\\Users\\cossa\\.gradle\\caches\\transforms-2\\files-2.1\\122f7e0068abbdd517605c9b7ef383c3\\res\\values-de\\values-de.xml",
                    "from": {
                        "startLines": "2",
                        "startColumns": "4",
                        "startOffsets": "55",
                        "endColumns": "100",
                        "endOffsets": "151"
                    },
                    "to": {
                        "startLines": "49",
                        "startColumns": "4",
                        "startOffsets": "5873",
                        "endColumns": "100",
                        "endOffsets": "5969"
                    }
                },
                {
                    "source": "C:\\Users\\cossa\\.gradle\\caches\\transforms-2\\files-2.1\\0034ac87bcad9dcc3cd4c9cca42d3786\\res\\values-de\\values-de.xml",
                    "from": {
                        "startLines": "2,3,4,5,6,7,8,9,10,11,12,13,14,15,16,17,18,19,20,21,22,23,24,25,26,27,28,29",
                        "startColumns": "4,4,4,4,4,4,4,4,4,4,4,4,4,4,4,4,4,4,4,4,4,4,4,4,4,4,4,4",
                        "startOffsets": "105,210,308,420,506,611,726,803,879,971,1065,1162,1263,1371,1471,1575,1675,1773,1870,1952,2063,2166,2265,2376,2478,2585,2741,2843",
                        "endColumns": "104,97,111,85,104,114,76,75,91,93,96,100,107,99,103,99,97,96,81,110,102,98,110,101,106,155,101,81",
                        "endOffsets": "205,303,415,501,606,721,798,874,966,1060,1157,1258,1366,1466,1570,1670,1768,1865,1947,2058,2161,2260,2371,2473,2580,2736,2838,2920"
                    },
                    "to": {
                        "startLines": "2,3,4,5,6,7,8,9,10,11,12,13,14,15,16,17,18,19,20,21,22,23,24,25,26,27,28,48",
                        "startColumns": "4,4,4,4,4,4,4,4,4,4,4,4,4,4,4,4,4,4,4,4,4,4,4,4,4,4,4,4",
                        "startOffsets": "105,210,308,420,506,611,726,803,879,971,1065,1162,1263,1371,1471,1575,1675,1773,1870,1952,2063,2166,2265,2376,2478,2585,2741,5791",
                        "endColumns": "104,97,111,85,104,114,76,75,91,93,96,100,107,99,103,99,97,96,81,110,102,98,110,101,106,155,101,81",
                        "endOffsets": "205,303,415,501,606,721,798,874,966,1060,1157,1258,1366,1466,1570,1670,1768,1865,1947,2058,2161,2260,2371,2473,2580,2736,2838,5868"
                    }
                },
                {
                    "source": "C:\\Users\\cossa\\.gradle\\caches\\transforms-2\\files-2.1\\6fcec616c349a88419e23364fa181eba\\res\\values-de\\values.xml",
                    "from": {
                        "startLines": "4",
                        "startColumns": "0",
                        "startOffsets": "205",
                        "endColumns": "103",
                        "endOffsets": "308"
                    },
                    "to": {
                        "startLines": "47",
                        "startColumns": "4",
                        "startOffsets": "5683",
                        "endColumns": "107",
                        "endOffsets": "5786"
                    }
                },
                {
                    "source": "C:\\Users\\cossa\\.gradle\\caches\\transforms-2\\files-2.1\\f8177bfa482e70af7a718d0de09642e2\\res\\values-de\\values.xml",
                    "from": {
                        "startLines": "4,5,6,7,8,9,10,11,12,13,14,15,16,17,18,19,20",
                        "startColumns": "0,0,0,0,0,0,0,0,0,0,0,0,0,0,0,0,0",
                        "startOffsets": "245,352,548,674,784,1021,1150,1297,1441,1680,1790,1990,2119,2340,2542,2639,2728",
                        "endColumns": "106,195,125,109,236,128,146,143,238,109,199,128,220,201,96,88,104",
                        "endOffsets": "351,547,673,783,1020,1149,1296,1440,1679,1789,1989,2118,2339,2541,2638,2727,2832"
                    },
                    "to": {
                        "startLines": "29,30,31,32,33,34,35,36,38,39,40,41,42,43,44,45,46",
                        "startColumns": "4,4,4,4,4,4,4,4,4,4,4,4,4,4,4,4,4",
                        "startOffsets": "2843,2954,3150,3280,3394,3631,3764,3915,4267,4506,4620,4820,4953,5174,5380,5481,5574",
                        "endColumns": "110,195,129,113,236,132,150,147,238,113,199,132,220,205,100,92,108",
                        "endOffsets": "2949,3145,3275,3389,3626,3759,3910,4058,4501,4615,4815,4948,5169,5375,5476,5569,5678"
                    }
                },
                {
                    "source": "C:\\Users\\cossa\\.gradle\\caches\\transforms-2\\files-2.1\\6f977deaf27a856b0a93ea546331a7e6\\res\\values-de\\values.xml",
                    "from": {
                        "startLines": "4",
                        "startColumns": "0",
                        "startOffsets": "247",
                        "endColumns": "203",
                        "endOffsets": "450"
                    },
                    "to": {
                        "startLines": "37",
                        "startColumns": "4",
                        "startOffsets": "4063",
                        "endColumns": "203",
                        "endOffsets": "4262"
                    }
                }
            ]
        }
    ]
}