{
    "logs": [
        {
            "outputFile": "D:\\Users\\cossa\\OneDrive\\Bureau\\App - Copie\\app\\build\\intermediates\\incremental\\mergeDebugResources\\merged.dir\\values-as\\values-as.xml",
            "map": [
                {
                    "source": "C:\\Users\\cossa\\.gradle\\caches\\transforms-2\\files-2.1\\122f7e0068abbdd517605c9b7ef383c3\\res\\values-as\\values-as.xml",
                    "from": {
                        "startLines": "2",
                        "startColumns": "4",
                        "startOffsets": "55",
                        "endColumns": "100",
                        "endOffsets": "151"
                    },
                    "to": {
                        "startLines": "49",
                        "startColumns": "4",
                        "startOffsets": "5663",
                        "endColumns": "100",
                        "endOffsets": "5759"
                    }
                },
                {
                    "source": "C:\\Users\\cossa\\.gradle\\caches\\transforms-2\\files-2.1\\6fcec616c349a88419e23364fa181eba\\res\\values-as\\values.xml",
                    "from": {
                        "startLines": "4",
                        "startColumns": "0",
                        "startOffsets": "205",
                        "endColumns": "99",
                        "endOffsets": "304"
                    },
                    "to": {
                        "startLines": "47",
                        "startColumns": "4",
                        "startOffsets": "5470",
                        "endColumns": "103",
                        "endOffsets": "5569"
                    }
                },
                {
                    "source": "C:\\Users\\cossa\\.gradle\\caches\\transforms-2\\files-2.1\\0034ac87bcad9dcc3cd4c9cca42d3786\\res\\values-as\\values-as.xml",
                    "from": {
                        "startLines": "2,3,4,5,6,7,8,9,10,11,12,13,14,15,16,17,18,19,20,21,22,23,24,25,26,27,28,29",
                        "startColumns": "4,4,4,4,4,4,4,4,4,4,4,4,4,4,4,4,4,4,4,4,4,4,4,4,4,4,4,4",
                        "startOffsets": "105,213,312,419,515,617,736,816,896,987,1080,1173,1268,1368,1461,1558,1652,1743,1834,1923,2025,2140,2243,2352,2471,2591,2758,2861",
                        "endColumns": "107,98,106,95,101,118,79,79,90,92,92,94,99,92,96,93,90,90,88,101,114,102,108,118,119,166,102,88",
                        "endOffsets": "208,307,414,510,612,731,811,891,982,1075,1168,1263,1363,1456,1553,1647,1738,1829,1918,2020,2135,2238,2347,2466,2586,2753,2856,2945"
                    },
                    "to": {
                        "startLines": "2,3,4,5,6,7,8,9,10,11,12,13,14,15,16,17,18,19,20,21,22,23,24,25,26,27,28,48",
                        "startColumns": "4,4,4,4,4,4,4,4,4,4,4,4,4,4,4,4,4,4,4,4,4,4,4,4,4,4,4,4",
                        "startOffsets": "105,213,312,419,515,617,736,816,896,987,1080,1173,1268,1368,1461,1558,1652,1743,1834,1923,2025,2140,2243,2352,2471,2591,2758,5574",
                        "endColumns": "107,98,106,95,101,118,79,79,90,92,92,94,99,92,96,93,90,90,88,101,114,102,108,118,119,166,102,88",
                        "endOffsets": "208,307,414,510,612,731,811,891,982,1075,1168,1263,1363,1456,1553,1647,1738,1829,1918,2020,2135,2238,2347,2466,2586,2753,2856,5658"
                    }
                },
                {
                    "source": "C:\\Users\\cossa\\.gradle\\caches\\transforms-2\\files-2.1\\f8177bfa482e70af7a718d0de09642e2\\res\\values-as\\values.xml",
                    "from": {
                        "startLines": "4,5,6,7,8,9,10,11,12,13,14,15,16,17,18,19,20",
                        "startColumns": "0,0,0,0,0,0,0,0,0,0,0,0,0,0,0,0,0",
                        "startOffsets": "245,351,536,657,765,954,1074,1213,1351,1553,1659,1839,1961,2152,2331,2417,2509",
                        "endColumns": "105,184,120,107,188,119,138,137,201,105,179,121,190,178,85,91,111",
                        "endOffsets": "350,535,656,764,953,1073,1212,1350,1552,1658,1838,1960,2151,2330,2416,2508,2620"
                    },
                    "to": {
                        "startLines": "29,30,31,32,33,34,35,36,38,39,40,41,42,43,44,45,46",
                        "startColumns": "4,4,4,4,4,4,4,4,4,4,4,4,4,4,4,4,4",
                        "startOffsets": "2861,2971,3156,3281,3393,3582,3706,3849,4176,4378,4488,4668,4794,4985,5168,5258,5354",
                        "endColumns": "109,184,124,111,188,123,142,141,201,109,179,125,190,182,89,95,115",
                        "endOffsets": "2966,3151,3276,3388,3577,3701,3844,3986,4373,4483,4663,4789,4980,5163,5253,5349,5465"
                    }
                },
                {
                    "source": "C:\\Users\\cossa\\.gradle\\caches\\transforms-2\\files-2.1\\6f977deaf27a856b0a93ea546331a7e6\\res\\values-as\\values.xml",
                    "from": {
                        "startLines": "4",
                        "startColumns": "0",
                        "startOffsets": "247",
                        "endColumns": "184",
                        "endOffsets": "431"
                    },
                    "to": {
                        "startLines": "37",
                        "startColumns": "4",
                        "startOffsets": "3991",
                        "endColumns": "184",
                        "endOffsets": "4171"
                    }
                }
            ]
        }
    ]
}