{
    "logs": [
        {
            "outputFile": "D:\\Users\\cossa\\OneDrive\\Bureau\\App - Copie\\app\\build\\intermediates\\incremental\\mergeDebugResources\\merged.dir\\values-v28\\values-v28.xml",
            "map": [
                {
                    "source": "C:\\Users\\cossa\\.gradle\\caches\\transforms-2\\files-2.1\\0034ac87bcad9dcc3cd4c9cca42d3786\\res\\values-v28\\values-v28.xml",
                    "from": {
                        "startLines": "2,3,4,8",
                        "startColumns": "4,4,4,4",
                        "startOffsets": "55,130,217,447",
                        "endLines": "2,3,7,11",
                        "endColumns": "74,86,12,12",
                        "endOffsets": "125,212,442,684"
                    }
                }
            ]
        }
    ]
}