{
    "logs": [
        {
            "outputFile": "D:\\Users\\cossa\\OneDrive\\Bureau\\App - Copie\\app\\build\\intermediates\\incremental\\mergeDebugResources\\merged.dir\\values-be\\values-be.xml",
            "map": [
                {
                    "source": "C:\\Users\\cossa\\.gradle\\caches\\transforms-2\\files-2.1\\0034ac87bcad9dcc3cd4c9cca42d3786\\res\\values-be\\values-be.xml",
                    "from": {
                        "startLines": "2,3,4,5,6,7,8,9,10,11,12,13,14,15,16,17,18,19,20,21,22,23,24,25,26,27,28,29",
                        "startColumns": "4,4,4,4,4,4,4,4,4,4,4,4,4,4,4,4,4,4,4,4,4,4,4,4,4,4,4,4",
                        "startOffsets": "105,225,328,444,530,638,756,835,913,1005,1099,1195,1289,1385,1479,1575,1670,1762,1854,1937,2043,2149,2247,2355,2460,2565,2734,2834",
                        "endColumns": "119,102,115,85,107,117,78,77,91,93,95,93,95,93,95,94,91,91,82,105,105,97,107,104,104,168,99,80",
                        "endOffsets": "220,323,439,525,633,751,830,908,1000,1094,1190,1284,1380,1474,1570,1665,1757,1849,1932,2038,2144,2242,2350,2455,2560,2729,2829,2910"
                    },
                    "to": {
                        "startLines": "2,3,4,5,6,7,8,9,10,11,12,13,14,15,16,17,18,19,20,21,22,23,24,25,26,27,28,48",
                        "startColumns": "4,4,4,4,4,4,4,4,4,4,4,4,4,4,4,4,4,4,4,4,4,4,4,4,4,4,4,4",
                        "startOffsets": "105,225,328,444,530,638,756,835,913,1005,1099,1195,1289,1385,1479,1575,1670,1762,1854,1937,2043,2149,2247,2355,2460,2565,2734,5660",
                        "endColumns": "119,102,115,85,107,117,78,77,91,93,95,93,95,93,95,94,91,91,82,105,105,97,107,104,104,168,99,80",
                        "endOffsets": "220,323,439,525,633,751,830,908,1000,1094,1190,1284,1380,1474,1570,1665,1757,1849,1932,2038,2144,2242,2350,2455,2560,2729,2829,5736"
                    }
                },
                {
                    "source": "C:\\Users\\cossa\\.gradle\\caches\\transforms-2\\files-2.1\\f8177bfa482e70af7a718d0de09642e2\\res\\values-be\\values.xml",
                    "from": {
                        "startLines": "4,5,6,7,8,9,10,11,12,13,14,15,16,17,18,19,20",
                        "startColumns": "0,0,0,0,0,0,0,0,0,0,0,0,0,0,0,0,0",
                        "startOffsets": "245,350,544,667,775,989,1113,1254,1383,1604,1709,1903,2029,2241,2426,2521,2609",
                        "endColumns": "104,193,122,107,213,123,140,128,220,104,193,125,211,184,94,87,103",
                        "endOffsets": "349,543,666,774,988,1112,1253,1382,1603,1708,1902,2028,2240,2425,2520,2608,2712"
                    },
                    "to": {
                        "startLines": "29,30,31,32,33,34,35,36,38,39,40,41,42,43,44,45,46",
                        "startColumns": "4,4,4,4,4,4,4,4,4,4,4,4,4,4,4,4,4",
                        "startOffsets": "2834,2943,3137,3264,3376,3590,3718,3863,4201,4422,4531,4725,4855,5067,5256,5355,5447",
                        "endColumns": "108,193,126,111,213,127,144,132,220,108,193,129,211,188,98,91,107",
                        "endOffsets": "2938,3132,3259,3371,3585,3713,3858,3991,4417,4526,4720,4850,5062,5251,5350,5442,5550"
                    }
                },
                {
                    "source": "C:\\Users\\cossa\\.gradle\\caches\\transforms-2\\files-2.1\\122f7e0068abbdd517605c9b7ef383c3\\res\\values-be\\values-be.xml",
                    "from": {
                        "startLines": "2",
                        "startColumns": "4",
                        "startOffsets": "55",
                        "endColumns": "100",
                        "endOffsets": "151"
                    },
                    "to": {
                        "startLines": "49",
                        "startColumns": "4",
                        "startOffsets": "5741",
                        "endColumns": "100",
                        "endOffsets": "5837"
                    }
                },
                {
                    "source": "C:\\Users\\cossa\\.gradle\\caches\\transforms-2\\files-2.1\\6f977deaf27a856b0a93ea546331a7e6\\res\\values-be\\values.xml",
                    "from": {
                        "startLines": "4",
                        "startColumns": "0",
                        "startOffsets": "247",
                        "endColumns": "204",
                        "endOffsets": "451"
                    },
                    "to": {
                        "startLines": "37",
                        "startColumns": "4",
                        "startOffsets": "3996",
                        "endColumns": "204",
                        "endOffsets": "4196"
                    }
                },
                {
                    "source": "C:\\Users\\cossa\\.gradle\\caches\\transforms-2\\files-2.1\\6fcec616c349a88419e23364fa181eba\\res\\values-be\\values.xml",
                    "from": {
                        "startLines": "4",
                        "startColumns": "0",
                        "startOffsets": "205",
                        "endColumns": "100",
                        "endOffsets": "305"
                    },
                    "to": {
                        "startLines": "47",
                        "startColumns": "4",
                        "startOffsets": "5555",
                        "endColumns": "104",
                        "endOffsets": "5655"
                    }
                }
            ]
        }
    ]
}