{
    "logs": [
        {
            "outputFile": "D:\\Users\\cossa\\OneDrive\\Bureau\\App - Copie\\app\\build\\intermediates\\incremental\\mergeDebugResources\\merged.dir\\values-sv\\values-sv.xml",
            "map": [
                {
                    "source": "C:\\Users\\cossa\\.gradle\\caches\\transforms-2\\files-2.1\\f8177bfa482e70af7a718d0de09642e2\\res\\values-sv\\values.xml",
                    "from": {
                        "startLines": "4,5,6,7,8,9,10,11,12,13,14,15,16,17,18,19,20",
                        "startColumns": "0,0,0,0,0,0,0,0,0,0,0,0,0,0,0,0,0",
                        "startOffsets": "245,350,539,664,772,972,1095,1244,1373,1580,1686,1879,2005,2218,2400,2492,2581",
                        "endColumns": "104,188,124,107,199,122,148,128,206,105,192,125,212,181,91,88,103",
                        "endOffsets": "349,538,663,771,971,1094,1243,1372,1579,1685,1878,2004,2217,2399,2491,2580,2684"
                    },
                    "to": {
                        "startLines": "29,30,31,32,33,34,35,36,38,39,40,41,42,43,44,45,46",
                        "startColumns": "4,4,4,4,4,4,4,4,4,4,4,4,4,4,4,4,4",
                        "startOffsets": "2784,2893,3082,3211,3323,3523,3650,3803,4143,4350,4460,4653,4783,4996,5182,5278,5371",
                        "endColumns": "108,188,128,111,199,126,152,132,206,109,192,129,212,185,95,92,107",
                        "endOffsets": "2888,3077,3206,3318,3518,3645,3798,3931,4345,4455,4648,4778,4991,5177,5273,5366,5474"
                    }
                },
                {
                    "source": "C:\\Users\\cossa\\.gradle\\caches\\transforms-2\\files-2.1\\0034ac87bcad9dcc3cd4c9cca42d3786\\res\\values-sv\\values-sv.xml",
                    "from": {
                        "startLines": "2,3,4,5,6,7,8,9,10,11,12,13,14,15,16,17,18,19,20,21,22,23,24,25,26,27,28,29",
                        "startColumns": "4,4,4,4,4,4,4,4,4,4,4,4,4,4,4,4,4,4,4,4,4,4,4,4,4,4,4,4",
                        "startOffsets": "105,211,314,425,510,612,725,801,877,970,1065,1161,1255,1358,1453,1550,1648,1744,1837,1917,2023,2123,2219,2324,2426,2528,2682,2784",
                        "endColumns": "105,102,110,84,101,112,75,75,92,94,95,93,102,94,96,97,95,92,79,105,99,95,104,101,101,153,101,78",
                        "endOffsets": "206,309,420,505,607,720,796,872,965,1060,1156,1250,1353,1448,1545,1643,1739,1832,1912,2018,2118,2214,2319,2421,2523,2677,2779,2858"
                    },
                    "to": {
                        "startLines": "2,3,4,5,6,7,8,9,10,11,12,13,14,15,16,17,18,19,20,21,22,23,24,25,26,27,28,48",
                        "startColumns": "4,4,4,4,4,4,4,4,4,4,4,4,4,4,4,4,4,4,4,4,4,4,4,4,4,4,4,4",
                        "startOffsets": "105,211,314,425,510,612,725,801,877,970,1065,1161,1255,1358,1453,1550,1648,1744,1837,1917,2023,2123,2219,2324,2426,2528,2682,5585",
                        "endColumns": "105,102,110,84,101,112,75,75,92,94,95,93,102,94,96,97,95,92,79,105,99,95,104,101,101,153,101,78",
                        "endOffsets": "206,309,420,505,607,720,796,872,965,1060,1156,1250,1353,1448,1545,1643,1739,1832,1912,2018,2118,2214,2319,2421,2523,2677,2779,5659"
                    }
                },
                {
                    "source": "C:\\Users\\cossa\\.gradle\\caches\\transforms-2\\files-2.1\\6fcec616c349a88419e23364fa181eba\\res\\values-sv\\values.xml",
                    "from": {
                        "startLines": "4",
                        "startColumns": "0",
                        "startOffsets": "205",
                        "endColumns": "101",
                        "endOffsets": "306"
                    },
                    "to": {
                        "startLines": "47",
                        "startColumns": "4",
                        "startOffsets": "5479",
                        "endColumns": "105",
                        "endOffsets": "5580"
                    }
                },
                {
                    "source": "C:\\Users\\cossa\\.gradle\\caches\\transforms-2\\files-2.1\\122f7e0068abbdd517605c9b7ef383c3\\res\\values-sv\\values-sv.xml",
                    "from": {
                        "startLines": "2",
                        "startColumns": "4",
                        "startOffsets": "55",
                        "endColumns": "100",
                        "endOffsets": "151"
                    },
                    "to": {
                        "startLines": "49",
                        "startColumns": "4",
                        "startOffsets": "5664",
                        "endColumns": "100",
                        "endOffsets": "5760"
                    }
                },
                {
                    "source": "C:\\Users\\cossa\\.gradle\\caches\\transforms-2\\files-2.1\\6f977deaf27a856b0a93ea546331a7e6\\res\\values-sv\\values.xml",
                    "from": {
                        "startLines": "4",
                        "startColumns": "0",
                        "startOffsets": "247",
                        "endColumns": "206",
                        "endOffsets": "453"
                    },
                    "to": {
                        "startLines": "37",
                        "startColumns": "4",
                        "startOffsets": "3936",
                        "endColumns": "206",
                        "endOffsets": "4138"
                    }
                }
            ]
        }
    ]
}