{
    "logs": [
        {
            "outputFile": "D:\\Users\\cossa\\OneDrive\\Bureau\\App - Copie\\app\\build\\intermediates\\incremental\\mergeDebugResources\\merged.dir\\values-fr-rCA\\values-fr-rCA.xml",
            "map": [
                {
                    "source": "C:\\Users\\cossa\\.gradle\\caches\\transforms-2\\files-2.1\\6fcec616c349a88419e23364fa181eba\\res\\values-fr-rCA\\values.xml",
                    "from": {
                        "startLines": "4",
                        "startColumns": "0",
                        "startOffsets": "209",
                        "endColumns": "100",
                        "endOffsets": "309"
                    },
                    "to": {
                        "startLines": "47",
                        "startColumns": "4",
                        "startOffsets": "5780",
                        "endColumns": "104",
                        "endOffsets": "5880"
                    }
                },
                {
                    "source": "C:\\Users\\cossa\\.gradle\\caches\\transforms-2\\files-2.1\\f8177bfa482e70af7a718d0de09642e2\\res\\values-fr-rCA\\values.xml",
                    "from": {
                        "startLines": "4,5,6,7,8,9,10,11,12,13,14,15,16,17,18,19,20",
                        "startColumns": "0,0,0,0,0,0,0,0,0,0,0,0,0,0,0,0,0",
                        "startOffsets": "249,353,565,693,800,1030,1161,1308,1446,1700,1810,2026,2160,2379,2584,2683,2773",
                        "endColumns": "103,211,127,106,229,130,146,137,253,109,215,133,218,204,98,89,108",
                        "endOffsets": "352,564,692,799,1029,1160,1307,1445,1699,1809,2025,2159,2378,2583,2682,2772,2881"
                    },
                    "to": {
                        "startLines": "29,30,31,32,33,34,35,36,38,39,40,41,42,43,44,45,46",
                        "startColumns": "4,4,4,4,4,4,4,4,4,4,4,4,4,4,4,4,4",
                        "startOffsets": "2879,2987,3199,3331,3442,3672,3807,3958,4320,4574,4688,4904,5042,5261,5470,5573,5667",
                        "endColumns": "107,211,131,110,229,134,150,141,253,113,215,137,218,208,102,93,112",
                        "endOffsets": "2982,3194,3326,3437,3667,3802,3953,4095,4569,4683,4899,5037,5256,5465,5568,5662,5775"
                    }
                },
                {
                    "source": "C:\\Users\\cossa\\.gradle\\caches\\transforms-2\\files-2.1\\6f977deaf27a856b0a93ea546331a7e6\\res\\values-fr-rCA\\values.xml",
                    "from": {
                        "startLines": "4",
                        "startColumns": "0",
                        "startOffsets": "251",
                        "endColumns": "219",
                        "endOffsets": "470"
                    },
                    "to": {
                        "startLines": "37",
                        "startColumns": "4",
                        "startOffsets": "4100",
                        "endColumns": "219",
                        "endOffsets": "4315"
                    }
                },
                {
                    "source": "C:\\Users\\cossa\\.gradle\\caches\\transforms-2\\files-2.1\\122f7e0068abbdd517605c9b7ef383c3\\res\\values-fr-rCA\\values-fr-rCA.xml",
                    "from": {
                        "startLines": "2",
                        "startColumns": "4",
                        "startOffsets": "55",
                        "endColumns": "100",
                        "endOffsets": "151"
                    },
                    "to": {
                        "startLines": "49",
                        "startColumns": "4",
                        "startOffsets": "5971",
                        "endColumns": "100",
                        "endOffsets": "6067"
                    }
                },
                {
                    "source": "C:\\Users\\cossa\\.gradle\\caches\\transforms-2\\files-2.1\\0034ac87bcad9dcc3cd4c9cca42d3786\\res\\values-fr-rCA\\values-fr-rCA.xml",
                    "from": {
                        "startLines": "2,3,4,5,6,7,8,9,10,11,12,13,14,15,16,17,18,19,20,21,22,23,24,25,26,27,28,29",
                        "startColumns": "4,4,4,4,4,4,4,4,4,4,4,4,4,4,4,4,4,4,4,4,4,4,4,4,4,4,4,4",
                        "startOffsets": "105,216,331,442,529,645,775,858,938,1029,1122,1221,1316,1417,1510,1603,1698,1789,1880,1976,2086,2198,2301,2412,2519,2621,2780,2879",
                        "endColumns": "110,114,110,86,115,129,82,79,90,92,98,94,100,92,92,94,90,90,95,109,111,102,110,106,101,158,98,85",
                        "endOffsets": "211,326,437,524,640,770,853,933,1024,1117,1216,1311,1412,1505,1598,1693,1784,1875,1971,2081,2193,2296,2407,2514,2616,2775,2874,2960"
                    },
                    "to": {
                        "startLines": "2,3,4,5,6,7,8,9,10,11,12,13,14,15,16,17,18,19,20,21,22,23,24,25,26,27,28,48",
                        "startColumns": "4,4,4,4,4,4,4,4,4,4,4,4,4,4,4,4,4,4,4,4,4,4,4,4,4,4,4,4",
                        "startOffsets": "105,216,331,442,529,645,775,858,938,1029,1122,1221,1316,1417,1510,1603,1698,1789,1880,1976,2086,2198,2301,2412,2519,2621,2780,5885",
                        "endColumns": "110,114,110,86,115,129,82,79,90,92,98,94,100,92,92,94,90,90,95,109,111,102,110,106,101,158,98,85",
                        "endOffsets": "211,326,437,524,640,770,853,933,1024,1117,1216,1311,1412,1505,1598,1693,1784,1875,1971,2081,2193,2296,2407,2514,2616,2775,2874,5966"
                    }
                }
            ]
        }
    ]
}