{
    "logs": [
        {
            "outputFile": "D:\\Users\\cossa\\OneDrive\\Bureau\\App - Copie\\app\\build\\intermediates\\incremental\\mergeDebugResources\\merged.dir\\values-vi\\values-vi.xml",
            "map": [
                {
                    "source": "C:\\Users\\cossa\\.gradle\\caches\\transforms-2\\files-2.1\\122f7e0068abbdd517605c9b7ef383c3\\res\\values-vi\\values-vi.xml",
                    "from": {
                        "startLines": "2",
                        "startColumns": "4",
                        "startOffsets": "55",
                        "endColumns": "100",
                        "endOffsets": "151"
                    },
                    "to": {
                        "startLines": "49",
                        "startColumns": "4",
                        "startOffsets": "5751",
                        "endColumns": "100",
                        "endOffsets": "5847"
                    }
                },
                {
                    "source": "C:\\Users\\cossa\\.gradle\\caches\\transforms-2\\files-2.1\\f8177bfa482e70af7a718d0de09642e2\\res\\values-vi\\values.xml",
                    "from": {
                        "startLines": "4,5,6,7,8,9,10,11,12,13,14,15,16,17,18,19,20",
                        "startColumns": "0,0,0,0,0,0,0,0,0,0,0,0,0,0,0,0,0",
                        "startOffsets": "245,345,539,662,767,991,1119,1272,1401,1641,1746,1938,2066,2284,2459,2553,2643",
                        "endColumns": "99,193,122,104,223,127,152,128,239,104,191,127,217,174,93,89,105",
                        "endOffsets": "344,538,661,766,990,1118,1271,1400,1640,1745,1937,2065,2283,2458,2552,2642,2748"
                    },
                    "to": {
                        "startLines": "29,30,31,32,33,34,35,36,38,39,40,41,42,43,44,45,46",
                        "startColumns": "4,4,4,4,4,4,4,4,4,4,4,4,4,4,4,4,4",
                        "startOffsets": "2817,2921,3115,3242,3351,3575,3707,3864,4192,4432,4541,4733,4865,5083,5262,5360,5454",
                        "endColumns": "103,193,126,108,223,131,156,132,239,108,191,131,217,178,97,93,109",
                        "endOffsets": "2916,3110,3237,3346,3570,3702,3859,3992,4427,4536,4728,4860,5078,5257,5355,5449,5559"
                    }
                },
                {
                    "source": "C:\\Users\\cossa\\.gradle\\caches\\transforms-2\\files-2.1\\6f977deaf27a856b0a93ea546331a7e6\\res\\values-vi\\values.xml",
                    "from": {
                        "startLines": "4",
                        "startColumns": "0",
                        "startOffsets": "247",
                        "endColumns": "194",
                        "endOffsets": "441"
                    },
                    "to": {
                        "startLines": "37",
                        "startColumns": "4",
                        "startOffsets": "3997",
                        "endColumns": "194",
                        "endOffsets": "4187"
                    }
                },
                {
                    "source": "C:\\Users\\cossa\\.gradle\\caches\\transforms-2\\files-2.1\\6fcec616c349a88419e23364fa181eba\\res\\values-vi\\values.xml",
                    "from": {
                        "startLines": "4",
                        "startColumns": "0",
                        "startOffsets": "205",
                        "endColumns": "98",
                        "endOffsets": "303"
                    },
                    "to": {
                        "startLines": "47",
                        "startColumns": "4",
                        "startOffsets": "5564",
                        "endColumns": "102",
                        "endOffsets": "5662"
                    }
                },
                {
                    "source": "C:\\Users\\cossa\\.gradle\\caches\\transforms-2\\files-2.1\\0034ac87bcad9dcc3cd4c9cca42d3786\\res\\values-vi\\values-vi.xml",
                    "from": {
                        "startLines": "2,3,4,5,6,7,8,9,10,11,12,13,14,15,16,17,18,19,20,21,22,23,24,25,26,27,28,29",
                        "startColumns": "4,4,4,4,4,4,4,4,4,4,4,4,4,4,4,4,4,4,4,4,4,4,4,4,4,4,4,4",
                        "startOffsets": "105,219,327,436,520,623,742,819,896,987,1080,1176,1270,1371,1464,1559,1657,1748,1839,1923,2027,2136,2237,2342,2456,2561,2718,2817",
                        "endColumns": "113,107,108,83,102,118,76,76,90,92,95,93,100,92,94,97,90,90,83,103,108,100,104,113,104,156,98,83",
                        "endOffsets": "214,322,431,515,618,737,814,891,982,1075,1171,1265,1366,1459,1554,1652,1743,1834,1918,2022,2131,2232,2337,2451,2556,2713,2812,2896"
                    },
                    "to": {
                        "startLines": "2,3,4,5,6,7,8,9,10,11,12,13,14,15,16,17,18,19,20,21,22,23,24,25,26,27,28,48",
                        "startColumns": "4,4,4,4,4,4,4,4,4,4,4,4,4,4,4,4,4,4,4,4,4,4,4,4,4,4,4,4",
                        "startOffsets": "105,219,327,436,520,623,742,819,896,987,1080,1176,1270,1371,1464,1559,1657,1748,1839,1923,2027,2136,2237,2342,2456,2561,2718,5667",
                        "endColumns": "113,107,108,83,102,118,76,76,90,92,95,93,100,92,94,97,90,90,83,103,108,100,104,113,104,156,98,83",
                        "endOffsets": "214,322,431,515,618,737,814,891,982,1075,1171,1265,1366,1459,1554,1652,1743,1834,1918,2022,2131,2232,2337,2451,2556,2713,2812,5746"
                    }
                }
            ]
        }
    ]
}