{
    "logs": [
        {
            "outputFile": "D:\\Users\\cossa\\OneDrive\\Bureau\\App - Copie\\app\\build\\intermediates\\incremental\\mergeDebugResources\\merged.dir\\values-ta\\values-ta.xml",
            "map": [
                {
                    "source": "C:\\Users\\cossa\\.gradle\\caches\\transforms-2\\files-2.1\\f8177bfa482e70af7a718d0de09642e2\\res\\values-ta\\values.xml",
                    "from": {
                        "startLines": "4,5,6,7,8,9,10,11,12,13,14,15,16,17,18,19,20",
                        "startColumns": "0,0,0,0,0,0,0,0,0,0,0,0,0,0,0,0,0",
                        "startOffsets": "245,348,532,657,761,972,1098,1237,1363,1605,1710,1894,2027,2240,2422,2510,2599",
                        "endColumns": "102,183,124,103,210,125,138,125,241,104,183,132,212,181,87,88,105",
                        "endOffsets": "347,531,656,760,971,1097,1236,1362,1604,1709,1893,2026,2239,2421,2509,2598,2704"
                    },
                    "to": {
                        "startLines": "29,30,31,32,33,34,35,36,38,39,40,41,42,43,44,45,46",
                        "startColumns": "4,4,4,4,4,4,4,4,4,4,4,4,4,4,4,4,4",
                        "startOffsets": "2874,2981,3165,3294,3402,3613,3743,3886,4241,4483,4592,4776,4913,5126,5312,5404,5497",
                        "endColumns": "106,183,128,107,210,129,142,129,241,108,183,136,212,185,91,92,109",
                        "endOffsets": "2976,3160,3289,3397,3608,3738,3881,4011,4478,4587,4771,4908,5121,5307,5399,5492,5602"
                    }
                },
                {
                    "source": "C:\\Users\\cossa\\.gradle\\caches\\transforms-2\\files-2.1\\122f7e0068abbdd517605c9b7ef383c3\\res\\values-ta\\values-ta.xml",
                    "from": {
                        "startLines": "2",
                        "startColumns": "4",
                        "startOffsets": "55",
                        "endColumns": "100",
                        "endOffsets": "151"
                    },
                    "to": {
                        "startLines": "49",
                        "startColumns": "4",
                        "startOffsets": "5792",
                        "endColumns": "100",
                        "endOffsets": "5888"
                    }
                },
                {
                    "source": "C:\\Users\\cossa\\.gradle\\caches\\transforms-2\\files-2.1\\6fcec616c349a88419e23364fa181eba\\res\\values-ta\\values.xml",
                    "from": {
                        "startLines": "4",
                        "startColumns": "0",
                        "startOffsets": "205",
                        "endColumns": "100",
                        "endOffsets": "305"
                    },
                    "to": {
                        "startLines": "47",
                        "startColumns": "4",
                        "startOffsets": "5607",
                        "endColumns": "104",
                        "endOffsets": "5707"
                    }
                },
                {
                    "source": "C:\\Users\\cossa\\.gradle\\caches\\transforms-2\\files-2.1\\0034ac87bcad9dcc3cd4c9cca42d3786\\res\\values-ta\\values-ta.xml",
                    "from": {
                        "startLines": "2,3,4,5,6,7,8,9,10,11,12,13,14,15,16,17,18,19,20,21,22,23,24,25,26,27,28,29",
                        "startColumns": "4,4,4,4,4,4,4,4,4,4,4,4,4,4,4,4,4,4,4,4,4,4,4,4,4,4,4,4",
                        "startOffsets": "105,219,317,432,521,628,754,832,909,1009,1114,1210,1305,1412,1514,1618,1713,1815,1913,1995,2097,2201,2298,2408,2510,2617,2774,2874",
                        "endColumns": "113,97,114,88,106,125,77,76,99,104,95,94,106,101,103,94,101,97,81,101,103,96,109,101,106,156,99,79",
                        "endOffsets": "214,312,427,516,623,749,827,904,1004,1109,1205,1300,1407,1509,1613,1708,1810,1908,1990,2092,2196,2293,2403,2505,2612,2769,2869,2949"
                    },
                    "to": {
                        "startLines": "2,3,4,5,6,7,8,9,10,11,12,13,14,15,16,17,18,19,20,21,22,23,24,25,26,27,28,48",
                        "startColumns": "4,4,4,4,4,4,4,4,4,4,4,4,4,4,4,4,4,4,4,4,4,4,4,4,4,4,4,4",
                        "startOffsets": "105,219,317,432,521,628,754,832,909,1009,1114,1210,1305,1412,1514,1618,1713,1815,1913,1995,2097,2201,2298,2408,2510,2617,2774,5712",
                        "endColumns": "113,97,114,88,106,125,77,76,99,104,95,94,106,101,103,94,101,97,81,101,103,96,109,101,106,156,99,79",
                        "endOffsets": "214,312,427,516,623,749,827,904,1004,1109,1205,1300,1407,1509,1613,1708,1810,1908,1990,2092,2196,2293,2403,2505,2612,2769,2869,5787"
                    }
                },
                {
                    "source": "C:\\Users\\cossa\\.gradle\\caches\\transforms-2\\files-2.1\\6f977deaf27a856b0a93ea546331a7e6\\res\\values-ta\\values.xml",
                    "from": {
                        "startLines": "4",
                        "startColumns": "0",
                        "startOffsets": "247",
                        "endColumns": "224",
                        "endOffsets": "471"
                    },
                    "to": {
                        "startLines": "37",
                        "startColumns": "4",
                        "startOffsets": "4016",
                        "endColumns": "224",
                        "endOffsets": "4236"
                    }
                }
            ]
        }
    ]
}