{
    "logs": [
        {
            "outputFile": "D:\\Users\\cossa\\OneDrive\\Bureau\\App - Copie\\app\\build\\intermediates\\incremental\\mergeDebugResources\\merged.dir\\values-es\\values-es.xml",
            "map": [
                {
                    "source": "C:\\Users\\cossa\\.gradle\\caches\\transforms-2\\files-2.1\\6f977deaf27a856b0a93ea546331a7e6\\res\\values-es\\values.xml",
                    "from": {
                        "startLines": "4",
                        "startColumns": "0",
                        "startOffsets": "247",
                        "endColumns": "218",
                        "endOffsets": "465"
                    },
                    "to": {
                        "startLines": "37",
                        "startColumns": "4",
                        "startOffsets": "4036",
                        "endColumns": "218",
                        "endOffsets": "4250"
                    }
                },
                {
                    "source": "C:\\Users\\cossa\\.gradle\\caches\\transforms-2\\files-2.1\\6fcec616c349a88419e23364fa181eba\\res\\values-es\\values.xml",
                    "from": {
                        "startLines": "4",
                        "startColumns": "0",
                        "startOffsets": "205",
                        "endColumns": "100",
                        "endOffsets": "305"
                    },
                    "to": {
                        "startLines": "47",
                        "startColumns": "4",
                        "startOffsets": "5668",
                        "endColumns": "104",
                        "endOffsets": "5768"
                    }
                },
                {
                    "source": "C:\\Users\\cossa\\.gradle\\caches\\transforms-2\\files-2.1\\0034ac87bcad9dcc3cd4c9cca42d3786\\res\\values-es\\values-es.xml",
                    "from": {
                        "startLines": "2,3,4,5,6,7,8,9,10,11,12,13,14,15,16,17,18,19,20,21,22,23,24,25,26,27,28,29",
                        "startColumns": "4,4,4,4,4,4,4,4,4,4,4,4,4,4,4,4,4,4,4,4,4,4,4,4,4,4,4,4",
                        "startOffsets": "105,222,335,443,528,629,757,842,924,1016,1110,1208,1302,1403,1497,1593,1689,1781,1873,1955,2062,2162,2261,2369,2476,2583,2742,2842",
                        "endColumns": "116,112,107,84,100,127,84,81,91,93,97,93,100,93,95,95,91,91,81,106,99,98,107,106,106,158,99,81",
                        "endOffsets": "217,330,438,523,624,752,837,919,1011,1105,1203,1297,1398,1492,1588,1684,1776,1868,1950,2057,2157,2256,2364,2471,2578,2737,2837,2919"
                    },
                    "to": {
                        "startLines": "2,3,4,5,6,7,8,9,10,11,12,13,14,15,16,17,18,19,20,21,22,23,24,25,26,27,28,48",
                        "startColumns": "4,4,4,4,4,4,4,4,4,4,4,4,4,4,4,4,4,4,4,4,4,4,4,4,4,4,4,4",
                        "startOffsets": "105,222,335,443,528,629,757,842,924,1016,1110,1208,1302,1403,1497,1593,1689,1781,1873,1955,2062,2162,2261,2369,2476,2583,2742,5773",
                        "endColumns": "116,112,107,84,100,127,84,81,91,93,97,93,100,93,95,95,91,91,81,106,99,98,107,106,106,158,99,81",
                        "endOffsets": "217,330,438,523,624,752,837,919,1011,1105,1203,1297,1398,1492,1588,1684,1776,1868,1950,2057,2157,2256,2364,2471,2578,2737,2837,5850"
                    }
                },
                {
                    "source": "C:\\Users\\cossa\\.gradle\\caches\\transforms-2\\files-2.1\\f8177bfa482e70af7a718d0de09642e2\\res\\values-es\\values.xml",
                    "from": {
                        "startLines": "4,5,6,7,8,9,10,11,12,13,14,15,16,17,18,19,20",
                        "startColumns": "0,0,0,0,0,0,0,0,0,0,0,0,0,0,0,0,0",
                        "startOffsets": "245,351,546,675,781,1001,1132,1280,1415,1666,1773,1969,2099,2323,2506,2599,2694",
                        "endColumns": "105,194,128,105,219,130,147,134,250,106,195,129,223,182,92,94,109",
                        "endOffsets": "350,545,674,780,1000,1131,1279,1414,1665,1772,1968,2098,2322,2505,2598,2693,2803"
                    },
                    "to": {
                        "startLines": "29,30,31,32,33,34,35,36,38,39,40,41,42,43,44,45,46",
                        "startColumns": "4,4,4,4,4,4,4,4,4,4,4,4,4,4,4,4,4",
                        "startOffsets": "2842,2952,3147,3280,3390,3610,3745,3897,4255,4506,4617,4813,4947,5171,5358,5455,5554",
                        "endColumns": "109,194,132,109,219,134,151,138,250,110,195,133,223,186,96,98,113",
                        "endOffsets": "2947,3142,3275,3385,3605,3740,3892,4031,4501,4612,4808,4942,5166,5353,5450,5549,5663"
                    }
                },
                {
                    "source": "C:\\Users\\cossa\\.gradle\\caches\\transforms-2\\files-2.1\\122f7e0068abbdd517605c9b7ef383c3\\res\\values-es\\values-es.xml",
                    "from": {
                        "startLines": "2",
                        "startColumns": "4",
                        "startOffsets": "55",
                        "endColumns": "100",
                        "endOffsets": "151"
                    },
                    "to": {
                        "startLines": "49",
                        "startColumns": "4",
                        "startOffsets": "5855",
                        "endColumns": "100",
                        "endOffsets": "5951"
                    }
                }
            ]
        }
    ]
}