{
    "logs": [
        {
            "outputFile": "D:\\Users\\cossa\\OneDrive\\Bureau\\App - Copie\\app\\build\\intermediates\\incremental\\mergeDebugResources\\merged.dir\\values-sq\\values-sq.xml",
            "map": [
                {
                    "source": "C:\\Users\\cossa\\.gradle\\caches\\transforms-2\\files-2.1\\0034ac87bcad9dcc3cd4c9cca42d3786\\res\\values-sq\\values-sq.xml",
                    "from": {
                        "startLines": "2,3,4,5,6,7,8,9,10,11,12,13,14,15,16,17,18,19,20,21,22,23,24,25,26,27,28,29",
                        "startColumns": "4,4,4,4,4,4,4,4,4,4,4,4,4,4,4,4,4,4,4,4,4,4,4,4,4,4,4,4",
                        "startOffsets": "105,219,319,431,518,628,751,832,911,1002,1095,1191,1285,1387,1480,1575,1672,1763,1856,1939,2045,2150,2248,2354,2457,2573,2727,2826",
                        "endColumns": "113,99,111,86,109,122,80,78,90,92,95,93,101,92,94,96,90,92,82,105,104,97,105,102,115,153,98,80",
                        "endOffsets": "214,314,426,513,623,746,827,906,997,1090,1186,1280,1382,1475,1570,1667,1758,1851,1934,2040,2145,2243,2349,2452,2568,2722,2821,2902"
                    },
                    "to": {
                        "startLines": "2,3,4,5,6,7,8,9,10,11,12,13,14,15,16,17,18,19,20,21,22,23,24,25,26,27,28,48",
                        "startColumns": "4,4,4,4,4,4,4,4,4,4,4,4,4,4,4,4,4,4,4,4,4,4,4,4,4,4,4,4",
                        "startOffsets": "105,219,319,431,518,628,751,832,911,1002,1095,1191,1285,1387,1480,1575,1672,1763,1856,1939,2045,2150,2248,2354,2457,2573,2727,5773",
                        "endColumns": "113,99,111,86,109,122,80,78,90,92,95,93,101,92,94,96,90,92,82,105,104,97,105,102,115,153,98,80",
                        "endOffsets": "214,314,426,513,623,746,827,906,997,1090,1186,1280,1382,1475,1570,1667,1758,1851,1934,2040,2145,2243,2349,2452,2568,2722,2821,5849"
                    }
                },
                {
                    "source": "C:\\Users\\cossa\\.gradle\\caches\\transforms-2\\files-2.1\\6fcec616c349a88419e23364fa181eba\\res\\values-sq\\values.xml",
                    "from": {
                        "startLines": "4",
                        "startColumns": "0",
                        "startOffsets": "205",
                        "endColumns": "105",
                        "endOffsets": "310"
                    },
                    "to": {
                        "startLines": "47",
                        "startColumns": "4",
                        "startOffsets": "5663",
                        "endColumns": "109",
                        "endOffsets": "5768"
                    }
                },
                {
                    "source": "C:\\Users\\cossa\\.gradle\\caches\\transforms-2\\files-2.1\\122f7e0068abbdd517605c9b7ef383c3\\res\\values-sq\\values-sq.xml",
                    "from": {
                        "startLines": "2",
                        "startColumns": "4",
                        "startOffsets": "55",
                        "endColumns": "100",
                        "endOffsets": "151"
                    },
                    "to": {
                        "startLines": "49",
                        "startColumns": "4",
                        "startOffsets": "5854",
                        "endColumns": "100",
                        "endOffsets": "5950"
                    }
                },
                {
                    "source": "C:\\Users\\cossa\\.gradle\\caches\\transforms-2\\files-2.1\\f8177bfa482e70af7a718d0de09642e2\\res\\values-sq\\values.xml",
                    "from": {
                        "startLines": "4,5,6,7,8,9,10,11,12,13,14,15,16,17,18,19,20",
                        "startColumns": "0,0,0,0,0,0,0,0,0,0,0,0,0,0,0,0,0",
                        "startOffsets": "245,350,555,690,795,1015,1147,1299,1440,1669,1775,1981,2117,2345,2555,2646,2739",
                        "endColumns": "104,204,134,104,219,131,151,140,228,105,205,135,227,209,90,92,106",
                        "endOffsets": "349,554,689,794,1014,1146,1298,1439,1668,1774,1980,2116,2344,2554,2645,2738,2845"
                    },
                    "to": {
                        "startLines": "29,30,31,32,33,34,35,36,38,39,40,41,42,43,44,45,46",
                        "startColumns": "4,4,4,4,4,4,4,4,4,4,4,4,4,4,4,4,4",
                        "startOffsets": "2826,2935,3140,3279,3388,3608,3744,3900,4233,4462,4572,4778,4918,5146,5360,5455,5552",
                        "endColumns": "108,204,138,108,219,135,155,144,228,109,205,139,227,213,94,96,110",
                        "endOffsets": "2930,3135,3274,3383,3603,3739,3895,4040,4457,4567,4773,4913,5141,5355,5450,5547,5658"
                    }
                },
                {
                    "source": "C:\\Users\\cossa\\.gradle\\caches\\transforms-2\\files-2.1\\6f977deaf27a856b0a93ea546331a7e6\\res\\values-sq\\values.xml",
                    "from": {
                        "startLines": "4",
                        "startColumns": "0",
                        "startOffsets": "247",
                        "endColumns": "187",
                        "endOffsets": "434"
                    },
                    "to": {
                        "startLines": "37",
                        "startColumns": "4",
                        "startOffsets": "4045",
                        "endColumns": "187",
                        "endOffsets": "4228"
                    }
                }
            ]
        }
    ]
}