{
    "logs": [
        {
            "outputFile": "D:\\Users\\cossa\\OneDrive\\Bureau\\App - Copie\\app\\build\\intermediates\\incremental\\mergeDebugResources\\merged.dir\\values-v24\\values-v24.xml",
            "map": [
                {
                    "source": "C:\\Users\\cossa\\.gradle\\caches\\transforms-2\\files-2.1\\188a3b83f5b63c52c694040ed8fc2a71\\res\\values-v24\\values-v24.xml",
                    "from": {
                        "startLines": "2,3,4,5",
                        "startColumns": "4,4,4,4",
                        "startOffsets": "55,121,182,248",
                        "endColumns": "65,60,65,66",
                        "endOffsets": "116,177,243,310"
                    },
                    "to": {
                        "startLines": "4,5,6,7",
                        "startColumns": "4,4,4,4",
                        "startOffsets": "347,413,474,540",
                        "endColumns": "65,60,65,66",
                        "endOffsets": "408,469,535,602"
                    }
                },
                {
                    "source": "C:\\Users\\cossa\\.gradle\\caches\\transforms-2\\files-2.1\\0034ac87bcad9dcc3cd4c9cca42d3786\\res\\values-v24\\values-v24.xml",
                    "from": {
                        "startLines": "2,3",
                        "startColumns": "4,4",
                        "startOffsets": "55,212",
                        "endColumns": "156,134",
                        "endOffsets": "207,342"
                    }
                }
            ]
        }
    ]
}