{
    "logs": [
        {
            "outputFile": "D:\\Users\\cossa\\OneDrive\\Bureau\\App - Copie\\app\\build\\intermediates\\incremental\\mergeDebugResources\\merged.dir\\values-eu\\values-eu.xml",
            "map": [
                {
                    "source": "C:\\Users\\cossa\\.gradle\\caches\\transforms-2\\files-2.1\\6fcec616c349a88419e23364fa181eba\\res\\values-eu\\values.xml",
                    "from": {
                        "startLines": "4",
                        "startColumns": "0",
                        "startOffsets": "205",
                        "endColumns": "106",
                        "endOffsets": "311"
                    },
                    "to": {
                        "startLines": "47",
                        "startColumns": "4",
                        "startOffsets": "5642",
                        "endColumns": "110",
                        "endOffsets": "5748"
                    }
                },
                {
                    "source": "C:\\Users\\cossa\\.gradle\\caches\\transforms-2\\files-2.1\\122f7e0068abbdd517605c9b7ef383c3\\res\\values-eu\\values-eu.xml",
                    "from": {
                        "startLines": "2",
                        "startColumns": "4",
                        "startOffsets": "55",
                        "endColumns": "100",
                        "endOffsets": "151"
                    },
                    "to": {
                        "startLines": "49",
                        "startColumns": "4",
                        "startOffsets": "5835",
                        "endColumns": "100",
                        "endOffsets": "5931"
                    }
                },
                {
                    "source": "C:\\Users\\cossa\\.gradle\\caches\\transforms-2\\files-2.1\\0034ac87bcad9dcc3cd4c9cca42d3786\\res\\values-eu\\values-eu.xml",
                    "from": {
                        "startLines": "2,3,4,5,6,7,8,9,10,11,12,13,14,15,16,17,18,19,20,21,22,23,24,25,26,27,28,29",
                        "startColumns": "4,4,4,4,4,4,4,4,4,4,4,4,4,4,4,4,4,4,4,4,4,4,4,4,4,4,4,4",
                        "startOffsets": "105,214,312,422,508,614,738,825,909,1001,1095,1192,1286,1388,1482,1578,1675,1767,1860,1942,2051,2161,2260,2369,2475,2586,2757,2856",
                        "endColumns": "108,97,109,85,105,123,86,83,91,93,96,93,101,93,95,96,91,92,81,108,109,98,108,105,110,170,98,81",
                        "endOffsets": "209,307,417,503,609,733,820,904,996,1090,1187,1281,1383,1477,1573,1670,1762,1855,1937,2046,2156,2255,2364,2470,2581,2752,2851,2933"
                    },
                    "to": {
                        "startLines": "2,3,4,5,6,7,8,9,10,11,12,13,14,15,16,17,18,19,20,21,22,23,24,25,26,27,28,48",
                        "startColumns": "4,4,4,4,4,4,4,4,4,4,4,4,4,4,4,4,4,4,4,4,4,4,4,4,4,4,4,4",
                        "startOffsets": "105,214,312,422,508,614,738,825,909,1001,1095,1192,1286,1388,1482,1578,1675,1767,1860,1942,2051,2161,2260,2369,2475,2586,2757,5753",
                        "endColumns": "108,97,109,85,105,123,86,83,91,93,96,93,101,93,95,96,91,92,81,108,109,98,108,105,110,170,98,81",
                        "endOffsets": "209,307,417,503,609,733,820,904,996,1090,1187,1281,1383,1477,1573,1670,1762,1855,1937,2046,2156,2255,2364,2470,2581,2752,2851,5830"
                    }
                },
                {
                    "source": "C:\\Users\\cossa\\.gradle\\caches\\transforms-2\\files-2.1\\f8177bfa482e70af7a718d0de09642e2\\res\\values-eu\\values.xml",
                    "from": {
                        "startLines": "4,5,6,7,8,9,10,11,12,13,14,15,16,17,18,19,20",
                        "startColumns": "0,0,0,0,0,0,0,0,0,0,0,0,0,0,0,0,0",
                        "startOffsets": "245,347,555,679,786,992,1117,1266,1398,1641,1747,1945,2073,2300,2485,2577,2668",
                        "endColumns": "101,207,123,106,205,124,148,131,242,105,197,127,226,184,91,90,113",
                        "endOffsets": "346,554,678,785,991,1116,1265,1397,1640,1746,1944,2072,2299,2484,2576,2667,2781"
                    },
                    "to": {
                        "startLines": "29,30,31,32,33,34,35,36,38,39,40,41,42,43,44,45,46",
                        "startColumns": "4,4,4,4,4,4,4,4,4,4,4,4,4,4,4,4,4",
                        "startOffsets": "2856,2962,3170,3298,3409,3615,3744,3897,4234,4477,4587,4785,4917,5144,5333,5429,5524",
                        "endColumns": "105,207,127,110,205,128,152,135,242,109,197,131,226,188,95,94,117",
                        "endOffsets": "2957,3165,3293,3404,3610,3739,3892,4028,4472,4582,4780,4912,5139,5328,5424,5519,5637"
                    }
                },
                {
                    "source": "C:\\Users\\cossa\\.gradle\\caches\\transforms-2\\files-2.1\\6f977deaf27a856b0a93ea546331a7e6\\res\\values-eu\\values.xml",
                    "from": {
                        "startLines": "4",
                        "startColumns": "0",
                        "startOffsets": "247",
                        "endColumns": "200",
                        "endOffsets": "447"
                    },
                    "to": {
                        "startLines": "37",
                        "startColumns": "4",
                        "startOffsets": "4033",
                        "endColumns": "200",
                        "endOffsets": "4229"
                    }
                }
            ]
        }
    ]
}